2026.03.25 17:57:38 INFO  Started: Metals version 1.6.6 in folders 'C:\Users\Sakib\Desktop\Mthree-Final' for client Visual Studio Code 1.112.0.
2026.03.25 17:57:38 INFO  Memory monitor started
2026.03.25 17:57:39 WARN  Using H2 2.4.240 which is newer than the version Flyway has been verified with. The latest verified version of H2 is 2.3.232.
2026.03.25 18:38:48 INFO  no build target found for C:\Users\Sakib\Desktop\Mthree-Final\backend\src\main\java\com\sakib_jeter\backend\controller\AuthController.java. Using fallback presentation compiler.
2026.03.25 18:38:49 INFO  no build target found for C:\Users\Sakib\Desktop\Mthree-Final\backend\src\main\java\com\sakib_jeter\backend\controller\AuthController.java. Using fallback presentation compiler.
Mar 25, 2026 6:38:49 PM org.eclipse.lsp4j.jsonrpc.RemoteEndpoint handleCancellation
WARNING: Unmatched cancel notification for request id 1
2026.03.25 18:38:48 INFO  no build target found for C:\Users\Sakib\Desktop\Mthree-Final\backend\src\main\java\com\sakib_jeter\backend\controller\AuthController.java. Using fallback presentation compiler.
Mar 25, 2026 6:38:49 PM org.eclipse.lsp4j.jsonrpc.RemoteEndpoint handleCancellation
WARNING: Unmatched cancel notification for request id 4
2026.03.25 18:38:48 INFO  no build target found for C:\Users\Sakib\Desktop\Mthree-Final\backend\src\main\java\com\sakib_jeter\backend\controller\AuthController.java. Using fallback presentation compiler.
2026.03.25 18:38:51 INFO  no build target found for C:\Users\Sakib\Desktop\Mthree-Final\backend\src\main\java\com\sakib_jeter\backend\controller\AuthController.java. Using fallback presentation compiler.
2026.03.25 18:38:51 INFO  no build target found for C:\Users\Sakib\Desktop\Mthree-Final\backend\src\main\java\com\sakib_jeter\backend\controller\AuthController.java. Using fallback presentation compiler.
2026.03.25 18:38:53 INFO  no build target found for C:\Users\Sakib\Desktop\Mthree-Final\backend\src\main\java\com\sakib_jeter\backend\controller\AuthController.java. Using fallback presentation compiler.
2026.03.25 18:38:55 INFO  no build target found for C:\Users\Sakib\Desktop\Mthree-Final\backend\src\main\java\com\sakib_jeter\backend\controller\AuthController.java. Using fallback presentation compiler.
2026.03.25 18:39:03 INFO  no build target found for C:\Users\Sakib\Desktop\Mthree-Final\backend\src\main\java\com\sakib_jeter\backend\controller\AuthController.java. Using fallback presentation compiler.
2026.03.25 18:39:15 INFO  no build target found for C:\Users\Sakib\Desktop\Mthree-Final\backend\src\main\java\com\sakib_jeter\backend\controller\AuthController.java. Using fallback presentation compiler.
2026.03.25 18:39:38 INFO  no build target found for C:\Users\Sakib\Desktop\Mthree-Final\backend\src\main\java\com\sakib_jeter\backend\controller\AuthController.java. Using fallback presentation compiler.
2026.03.25 18:47:31 INFO  no build target found for C:\Users\Sakib\Desktop\Mthree-Final\backend\src\main\java\com\sakib_jeter\backend\controller\AuthController.java. Using fallback presentation compiler.
2026.03.25 18:47:31 INFO  no build target found for C:\Users\Sakib\Desktop\Mthree-Final\backend\src\main\java\com\sakib_jeter\backend\controller\AuthController.java. Using fallback presentation compiler.
2026.03.25 18:47:31 INFO  no build target found for C:\Users\Sakib\Desktop\Mthree-Final\backend\src\main\java\com\sakib_jeter\backend\controller\AuthController.java. Using fallback presentation compiler.
2026.03.25 18:47:31 INFO  no build target found for C:\Users\Sakib\Desktop\Mthree-Final\backend\src\main\java\com\sakib_jeter\backend\controller\AuthController.java. Using fallback presentation compiler.
2026.03.25 18:47:33 INFO  no build target found for C:\Users\Sakib\Desktop\Mthree-Final\backend\src\main\java\com\sakib_jeter\backend\controller\AuthController.java. Using fallback presentation compiler.
2026.03.25 18:47:33 INFO  no build target found for C:\Users\Sakib\Desktop\Mthree-Final\backend\src\main\java\com\sakib_jeter\backend\controller\AuthController.java. Using fallback presentation compiler.
2026.03.25 18:47:33 INFO  no build target found for C:\Users\Sakib\Desktop\Mthree-Final\backend\src\main\java\com\sakib_jeter\backend\controller\AuthController.java. Using fallback presentation compiler.
2026.03.25 18:47:40 INFO  no build target found for C:\Users\Sakib\Desktop\Mthree-Final\backend\src\main\java\com\sakib_jeter\backend\controller\AuthController.java. Using fallback presentation compiler.
2026.03.25 18:47:40 INFO  no build target found for C:\Users\Sakib\Desktop\Mthree-Final\backend\src\main\java\com\sakib_jeter\backend\controller\AuthController.java. Using fallback presentation compiler.
2026.03.25 18:47:48 INFO  no build target found for C:\Users\Sakib\Desktop\Mthree-Final\backend\src\main\java\com\sakib_jeter\backend\controller\AuthController.java. Using fallback presentation compiler.
2026.03.25 18:47:49 INFO  no build target found for C:\Users\Sakib\Desktop\Mthree-Final\backend\src\main\java\com\sakib_jeter\backend\controller\AuthController.java. Using fallback presentation compiler.
2026.03.25 18:47:49 INFO  no build target found for C:\Users\Sakib\Desktop\Mthree-Final\backend\src\main\java\com\sakib_jeter\backend\controller\AuthController.java. Using fallback presentation compiler.
2026.03.25 18:47:50 INFO  no build target found for C:\Users\Sakib\Desktop\Mthree-Final\backend\src\main\java\com\sakib_jeter\backend\controller\AuthController.java. Using fallback presentation compiler.
2026.03.25 18:47:50 INFO  no build target found for C:\Users\Sakib\Desktop\Mthree-Final\backend\src\main\java\com\sakib_jeter\backend\controller\AuthController.java. Using fallback presentation compiler.
2026.03.25 18:47:50 INFO  no build target found for C:\Users\Sakib\Desktop\Mthree-Final\backend\src\main\java\com\sakib_jeter\backend\controller\AuthController.java. Using fallback presentation compiler.
2026.03.25 18:47:50 INFO  no build target found for C:\Users\Sakib\Desktop\Mthree-Final\backend\src\main\java\com\sakib_jeter\backend\controller\AuthController.java. Using fallback presentation compiler.
2026.03.25 18:47:51 INFO  no build target found for C:\Users\Sakib\Desktop\Mthree-Final\backend\src\main\java\com\sakib_jeter\backend\controller\AuthController.java. Using fallback presentation compiler.
2026.03.25 18:47:52 INFO  no build target found for C:\Users\Sakib\Desktop\Mthree-Final\backend\src\main\java\com\sakib_jeter\backend\controller\AuthController.java. Using fallback presentation compiler.
2026.03.25 18:47:52 WARN  no build target for: C:\Users\Sakib\Desktop\Mthree-Final\backend\src\main\java\com\sakib_jeter\backend\controller\AuthController.java
2026.03.25 18:47:52 INFO  no build target found for C:\Users\Sakib\Desktop\Mthree-Final\backend\src\main\java\com\sakib_jeter\backend\controller\AuthController.java. Using fallback presentation compiler.
2026.03.25 18:47:52 INFO  no build target found for C:\Users\Sakib\Desktop\Mthree-Final\backend\src\main\java\com\sakib_jeter\backend\controller\AuthController.java. Using fallback presentation compiler.
2026.03.25 18:47:56 INFO  no build target found for C:\Users\Sakib\Desktop\Mthree-Final\backend\src\main\java\com\sakib_jeter\backend\controller\AuthController.java. Using fallback presentation compiler.
2026.03.25 18:48:00 INFO  no build target found for C:\Users\Sakib\Desktop\Mthree-Final\backend\src\main\java\com\sakib_jeter\backend\controller\AuthController.java. Using fallback presentation compiler.
2026.03.25 18:48:00 INFO  no build target found for C:\Users\Sakib\Desktop\Mthree-Final\backend\src\main\java\com\sakib_jeter\backend\controller\AuthController.java. Using fallback presentation compiler.
2026.03.25 18:48:00 INFO  no build target found for C:\Users\Sakib\Desktop\Mthree-Final\backend\src\main\java\com\sakib_jeter\backend\controller\AuthController.java. Using fallback presentation compiler.
2026.03.25 18:48:00 INFO  no build target found for C:\Users\Sakib\Desktop\Mthree-Final\backend\src\main\java\com\sakib_jeter\backend\controller\AuthController.java. Using fallback presentation compiler.
2026.03.25 18:48:01 INFO  no build target found for C:\Users\Sakib\Desktop\Mthree-Final\backend\src\main\java\com\sakib_jeter\backend\controller\AuthController.java. Using fallback presentation compiler.
2026.03.25 18:48:02 INFO  no build target found for C:\Users\Sakib\Desktop\Mthree-Final\backend\src\main\java\com\sakib_jeter\backend\controller\AuthController.java. Using fallback presentation compiler.
2026.03.25 18:48:02 INFO  no build target found for C:\Users\Sakib\Desktop\Mthree-Final\backend\src\main\java\com\sakib_jeter\backend\controller\AuthController.java. Using fallback presentation compiler.
2026.03.25 18:48:02 WARN  no build target for: C:\Users\Sakib\Desktop\Mthree-Final\backend\src\main\java\com\sakib_jeter\backend\controller\AuthController.java
2026.03.25 18:48:02 INFO  no build target found for C:\Users\Sakib\Desktop\Mthree-Final\backend\src\main\java\com\sakib_jeter\backend\controller\AuthController.java. Using fallback presentation compiler.
2026.03.25 18:48:06 INFO  no build target found for C:\Users\Sakib\Desktop\Mthree-Final\backend\src\main\java\com\sakib_jeter\backend\controller\AuthController.java. Using fallback presentation compiler.
2026.03.25 18:48:11 INFO  no build target found for C:\Users\Sakib\Desktop\Mthree-Final\backend\src\main\java\com\sakib_jeter\backend\controller\AuthController.java. Using fallback presentation compiler.
2026.03.25 18:48:11 INFO  no build target found for C:\Users\Sakib\Desktop\Mthree-Final\backend\src\main\java\com\sakib_jeter\backend\controller\AuthController.java. Using fallback presentation compiler.
Mar 25, 2026 6:48:11 PM org.eclipse.lsp4j.jsonrpc.RemoteEndpoint handleCancellation
WARNING: Unmatched cancel notification for request id 57
2026.03.25 18:48:12 INFO  no build target found for C:\Users\Sakib\Desktop\Mthree-Final\backend\src\main\java\com\sakib_jeter\backend\controller\AuthController.java. Using fallback presentation compiler.
2026.03.25 18:48:21 INFO  no build target found for C:\Users\Sakib\Desktop\Mthree-Final\backend\src\main\java\com\sakib_jeter\backend\controller\AuthController.java. Using fallback presentation compiler.
2026.03.25 18:48:21 INFO  no build target found for C:\Users\Sakib\Desktop\Mthree-Final\backend\src\main\java\com\sakib_jeter\backend\controller\AuthController.java. Using fallback presentation compiler.
2026.03.25 18:48:21 INFO  no build target found for C:\Users\Sakib\Desktop\Mthree-Final\backend\src\main\java\com\sakib_jeter\backend\controller\AuthController.java. Using fallback presentation compiler.
2026.03.25 18:48:23 INFO  no build target found for C:\Users\Sakib\Desktop\Mthree-Final\backend\src\main\java\com\sakib_jeter\backend\controller\AuthController.java. Using fallback presentation compiler.
2026.03.25 18:48:23 INFO  no build target found for C:\Users\Sakib\Desktop\Mthree-Final\backend\src\main\java\com\sakib_jeter\backend\controller\AuthController.java. Using fallback presentation compiler.
2026.03.25 18:48:23 INFO  no build target found for C:\Users\Sakib\Desktop\Mthree-Final\backend\src\main\java\com\sakib_jeter\backend\controller\AuthController.java. Using fallback presentation compiler.
2026.03.25 18:48:24 INFO  no build target found for C:\Users\Sakib\Desktop\Mthree-Final\backend\src\main\java\com\sakib_jeter\backend\controller\AuthController.java. Using fallback presentation compiler.
2026.03.25 18:48:25 INFO  no build target found for C:\Users\Sakib\Desktop\Mthree-Final\backend\src\main\java\com\sakib_jeter\backend\controller\AuthController.java. Using fallback presentation compiler.
2026.03.25 18:48:28 INFO  no build target found for C:\Users\Sakib\Desktop\Mthree-Final\backend\src\main\java\com\sakib_jeter\backend\controller\AuthController.java. Using fallback presentation compiler.
2026.03.25 18:48:28 INFO  no build target found for C:\Users\Sakib\Desktop\Mthree-Final\backend\src\main\java\com\sakib_jeter\backend\controller\AuthController.java. Using fallback presentation compiler.
2026.03.25 18:48:49 INFO  no build target found for C:\Users\Sakib\Desktop\Mthree-Final\backend\src\main\java\com\sakib_jeter\backend\controller\AuthController.java. Using fallback presentation compiler.
2026.03.25 18:49:05 INFO  no build target found for C:\Users\Sakib\Desktop\Mthree-Final\backend\src\main\java\com\sakib_jeter\backend\controller\AuthController.java. Using fallback presentation compiler.
2026.03.25 18:49:05 INFO  no build target found for C:\Users\Sakib\Desktop\Mthree-Final\backend\src\main\java\com\sakib_jeter\backend\controller\AuthController.java. Using fallback presentation compiler.
2026.03.25 18:49:05 INFO  no build target found for C:\Users\Sakib\Desktop\Mthree-Final\backend\src\main\java\com\sakib_jeter\backend\controller\AuthController.java. Using fallback presentation compiler.
2026.03.25 18:49:32 INFO  no build target found for C:\Users\Sakib\Desktop\Mthree-Final\backend\src\main\java\com\sakib_jeter\backend\service\SignupService.java. Using fallback presentation compiler.
2026.03.25 18:49:32 INFO  no build target found for C:\Users\Sakib\Desktop\Mthree-Final\backend\src\main\java\com\sakib_jeter\backend\service\SignupService.java. Using fallback presentation compiler.
2026.03.25 18:49:32 INFO  no build target found for C:\Users\Sakib\Desktop\Mthree-Final\backend\src\main\java\com\sakib_jeter\backend\service\SignupService.java. Using fallback presentation compiler.
2026.03.25 18:49:32 INFO  no build target found for C:\Users\Sakib\Desktop\Mthree-Final\backend\src\main\java\com\sakib_jeter\backend\service\SignupService.java. Using fallback presentation compiler.
2026.03.25 18:49:33 INFO  no build target found for C:\Users\Sakib\Desktop\Mthree-Final\backend\src\main\java\com\sakib_jeter\backend\service\SignupService.java. Using fallback presentation compiler.
2026.03.25 18:49:35 INFO  no build target found for C:\Users\Sakib\Desktop\Mthree-Final\backend\src\main\java\com\sakib_jeter\backend\service\SignupService.java. Using fallback presentation compiler.
2026.03.25 18:49:35 INFO  no build target found for C:\Users\Sakib\Desktop\Mthree-Final\backend\src\main\java\com\sakib_jeter\backend\service\SignupService.java. Using fallback presentation compiler.
2026.03.25 18:49:36 INFO  no build target found for C:\Users\Sakib\Desktop\Mthree-Final\backend\src\main\java\com\sakib_jeter\backend\service\SignupService.java. Using fallback presentation compiler.
2026.03.25 18:49:46 INFO  no build target found for C:\Users\Sakib\Desktop\Mthree-Final\backend\src\main\java\com\sakib_jeter\backend\service\SignupService.java. Using fallback presentation compiler.
2026.03.25 18:49:46 INFO  no build target found for C:\Users\Sakib\Desktop\Mthree-Final\backend\src\main\java\com\sakib_jeter\backend\service\SignupService.java. Using fallback presentation compiler.
2026.03.25 18:49:46 INFO  no build target found for C:\Users\Sakib\Desktop\Mthree-Final\backend\src\main\java\com\sakib_jeter\backend\service\SignupService.java. Using fallback presentation compiler.
2026.03.25 18:49:47 INFO  no build target found for C:\Users\Sakib\Desktop\Mthree-Final\backend\src\main\java\com\sakib_jeter\backend\service\SignupService.java. Using fallback presentation compiler.
2026.03.25 18:49:49 INFO  no build target found for C:\Users\Sakib\Desktop\Mthree-Final\backend\src\main\java\com\sakib_jeter\backend\service\SignupService.java. Using fallback presentation compiler.
2026.03.25 18:49:50 INFO  no build target found for C:\Users\Sakib\Desktop\Mthree-Final\backend\src\main\java\com\sakib_jeter\backend\service\SignupService.java. Using fallback presentation compiler.
2026.03.25 18:49:50 INFO  no build target found for C:\Users\Sakib\Desktop\Mthree-Final\backend\src\main\java\com\sakib_jeter\backend\service\SignupService.java. Using fallback presentation compiler.
2026.03.25 18:49:50 INFO  no build target found for C:\Users\Sakib\Desktop\Mthree-Final\backend\src\main\java\com\sakib_jeter\backend\service\SignupService.java. Using fallback presentation compiler.
2026.03.25 18:50:08 INFO  no build target found for C:\Users\Sakib\Desktop\Mthree-Final\backend\src\main\java\com\sakib_jeter\backend\service\SignupService.java. Using fallback presentation compiler.
2026.03.25 18:50:30 INFO  no build target found for C:\Users\Sakib\Desktop\Mthree-Final\backend\src\main\java\com\sakib_jeter\backend\service\SignupService.java. Using fallback presentation compiler.
2026.03.25 18:50:31 INFO  no build target found for C:\Users\Sakib\Desktop\Mthree-Final\backend\src\main\java\com\sakib_jeter\backend\service\SignupService.java. Using fallback presentation compiler.
2026.03.25 18:50:39 INFO  no build target found for C:\Users\Sakib\Desktop\Mthree-Final\backend\src\main\java\com\sakib_jeter\backend\service\SignupService.java. Using fallback presentation compiler.
2026.03.25 18:50:39 INFO  no build target found for C:\Users\Sakib\Desktop\Mthree-Final\backend\src\main\java\com\sakib_jeter\backend\service\SignupService.java. Using fallback presentation compiler.
2026.03.25 18:50:48 INFO  no build target found for C:\Users\Sakib\Desktop\Mthree-Final\backend\src\main\java\com\sakib_jeter\backend\service\SignupService.java. Using fallback presentation compiler.
2026.03.25 18:50:48 INFO  no build target found for C:\Users\Sakib\Desktop\Mthree-Final\backend\src\main\java\com\sakib_jeter\backend\service\SignupService.java. Using fallback presentation compiler.
2026.03.25 18:50:49 INFO  no build target found for C:\Users\Sakib\Desktop\Mthree-Final\backend\src\main\java\com\sakib_jeter\backend\service\SignupService.java. Using fallback presentation compiler.
2026.03.25 18:50:49 INFO  no build target found for C:\Users\Sakib\Desktop\Mthree-Final\backend\src\main\java\com\sakib_jeter\backend\service\SignupService.java. Using fallback presentation compiler.
2026.03.25 18:55:31 INFO  no build target found for C:\Users\Sakib\Desktop\Mthree-Final\backend\src\main\java\com\sakib_jeter\backend\service\SignupService.java. Using fallback presentation compiler.
2026.03.25 18:55:32 INFO  no build target found for C:\Users\Sakib\Desktop\Mthree-Final\backend\src\main\java\com\sakib_jeter\backend\service\SignupService.java. Using fallback presentation compiler.
2026.03.25 18:55:34 INFO  no build target found for C:\Users\Sakib\Desktop\Mthree-Final\backend\src\main\java\com\sakib_jeter\backend\service\SignupService.java. Using fallback presentation compiler.
2026.03.25 18:55:34 INFO  no build target found for C:\Users\Sakib\Desktop\Mthree-Final\backend\src\main\java\com\sakib_jeter\backend\service\SignupService.java. Using fallback presentation compiler.
2026.03.25 18:55:34 INFO  no build target found for C:\Users\Sakib\Desktop\Mthree-Final\backend\src\main\java\com\sakib_jeter\backend\service\SignupService.java. Using fallback presentation compiler.
2026.03.25 18:57:05 INFO  no build target found for C:\Users\Sakib\Desktop\Mthree-Final\backend\src\main\java\com\sakib_jeter\backend\service\SignupService.java. Using fallback presentation compiler.
2026.03.25 18:57:05 INFO  no build target found for C:\Users\Sakib\Desktop\Mthree-Final\backend\src\main\java\com\sakib_jeter\backend\service\SignupService.java. Using fallback presentation compiler.
2026.03.25 18:57:05 INFO  no build target found for C:\Users\Sakib\Desktop\Mthree-Final\backend\src\main\java\com\sakib_jeter\backend\service\SignupService.java. Using fallback presentation compiler.
2026.03.25 18:57:10 INFO  no build target found for C:\Users\Sakib\Desktop\Mthree-Final\backend\src\main\java\com\sakib_jeter\backend\service\SignupService.java. Using fallback presentation compiler.
2026.03.25 18:57:10 INFO  no build target found for C:\Users\Sakib\Desktop\Mthree-Final\backend\src\main\java\com\sakib_jeter\backend\service\SignupService.java. Using fallback presentation compiler.
2026.03.25 18:57:11 INFO  no build target found for C:\Users\Sakib\Desktop\Mthree-Final\backend\src\main\java\com\sakib_jeter\backend\service\SignupService.java. Using fallback presentation compiler.
2026.03.25 18:57:11 INFO  no build target found for C:\Users\Sakib\Desktop\Mthree-Final\backend\src\main\java\com\sakib_jeter\backend\service\SignupService.java. Using fallback presentation compiler.
2026.03.25 18:57:11 INFO  no build target found for C:\Users\Sakib\Desktop\Mthree-Final\backend\src\main\java\com\sakib_jeter\backend\service\SignupService.java. Using fallback presentation compiler.
2026.03.25 18:57:11 INFO  no build target found for C:\Users\Sakib\Desktop\Mthree-Final\backend\src\main\java\com\sakib_jeter\backend\service\SignupService.java. Using fallback presentation compiler.
2026.03.25 18:57:13 INFO  no build target found for C:\Users\Sakib\Desktop\Mthree-Final\backend\src\main\java\com\sakib_jeter\backend\service\SignupService.java. Using fallback presentation compiler.
2026.03.25 18:57:13 INFO  no build target found for C:\Users\Sakib\Desktop\Mthree-Final\backend\src\main\java\com\sakib_jeter\backend\service\SignupService.java. Using fallback presentation compiler.
2026.03.25 18:57:13 INFO  no build target found for C:\Users\Sakib\Desktop\Mthree-Final\backend\src\main\java\com\sakib_jeter\backend\service\SignupService.java. Using fallback presentation compiler.
2026.03.25 18:57:13 INFO  no build target found for C:\Users\Sakib\Desktop\Mthree-Final\backend\src\main\java\com\sakib_jeter\backend\service\SignupService.java. Using fallback presentation compiler.
2026.03.25 18:57:20 INFO  no build target found for C:\Users\Sakib\Desktop\Mthree-Final\backend\src\main\java\com\sakib_jeter\backend\service\SignupService.java. Using fallback presentation compiler.
2026.03.25 18:57:20 INFO  no build target found for C:\Users\Sakib\Desktop\Mthree-Final\backend\src\main\java\com\sakib_jeter\backend\service\SignupService.java. Using fallback presentation compiler.
2026.03.25 18:57:22 INFO  no build target found for C:\Users\Sakib\Desktop\Mthree-Final\backend\src\main\java\com\sakib_jeter\backend\service\SignupService.java. Using fallback presentation compiler.
2026.03.25 18:57:23 INFO  no build target found for C:\Users\Sakib\Desktop\Mthree-Final\backend\src\main\java\com\sakib_jeter\backend\service\SignupService.java. Using fallback presentation compiler.
2026.03.25 18:57:23 INFO  no build target found for C:\Users\Sakib\Desktop\Mthree-Final\backend\src\main\java\com\sakib_jeter\backend\service\SignupService.java. Using fallback presentation compiler.
2026.03.25 18:57:23 INFO  no build target found for C:\Users\Sakib\Desktop\Mthree-Final\backend\src\main\java\com\sakib_jeter\backend\service\SignupService.java. Using fallback presentation compiler.
2026.03.25 18:57:23 INFO  no build target found for C:\Users\Sakib\Desktop\Mthree-Final\backend\src\main\java\com\sakib_jeter\backend\service\SignupService.java. Using fallback presentation compiler.
2026.03.25 19:01:26 INFO  no build target found for C:\Users\Sakib\Desktop\Mthree-Final\backend\src\main\java\com\sakib_jeter\backend\service\SignupService.java. Using fallback presentation compiler.
2026.03.25 19:06:06 INFO  no build target found for C:\Users\Sakib\Desktop\Mthree-Final\backend\src\main\java\com\sakib_jeter\backend\controller\AuthController.java. Using fallback presentation compiler.
2026.03.25 19:06:06 WARN  no build target for: C:\Users\Sakib\Desktop\Mthree-Final\backend\src\main\java\com\sakib_jeter\backend\controller\AuthController.java
2026.03.25 19:06:06 INFO  no build target found for C:\Users\Sakib\Desktop\Mthree-Final\backend\src\main\java\com\sakib_jeter\backend\controller\AuthController.java. Using fallback presentation compiler.
2026.03.25 19:06:06 INFO  no build target found for C:\Users\Sakib\Desktop\Mthree-Final\backend\src\main\java\com\sakib_jeter\backend\controller\AuthController.java. Using fallback presentation compiler.
2026.03.25 19:06:06 INFO  no build target found for C:\Users\Sakib\Desktop\Mthree-Final\backend\src\main\java\com\sakib_jeter\backend\controller\AuthController.java. Using fallback presentation compiler.
2026.03.25 19:06:06 INFO  no build target found for C:\Users\Sakib\Desktop\Mthree-Final\backend\src\main\java\com\sakib_jeter\backend\controller\AuthController.java. Using fallback presentation compiler.
Mar 25, 2026 7:06:06 PM org.eclipse.lsp4j.jsonrpc.RemoteEndpoint handleCancellation
WARNING: Unmatched cancel notification for request id 142
2026.03.25 19:06:06 INFO  no build target found for C:\Users\Sakib\Desktop\Mthree-Final\backend\src\main\java\com\sakib_jeter\backend\controller\AuthController.java. Using fallback presentation compiler.
2026.03.25 19:06:07 INFO  no build target found for C:\Users\Sakib\Desktop\Mthree-Final\backend\src\main\java\com\sakib_jeter\backend\controller\AuthController.java. Using fallback presentation compiler.
2026.03.25 19:06:07 INFO  no build target found for C:\Users\Sakib\Desktop\Mthree-Final\backend\src\main\java\com\sakib_jeter\backend\controller\AuthController.java. Using fallback presentation compiler.
2026.03.25 19:06:08 INFO  no build target found for C:\Users\Sakib\Desktop\Mthree-Final\backend\src\main\java\com\sakib_jeter\backend\controller\AuthController.java. Using fallback presentation compiler.
2026.03.25 19:06:11 INFO  no build target found for C:\Users\Sakib\Desktop\Mthree-Final\backend\src\main\java\com\sakib_jeter\backend\controller\AuthController.java. Using fallback presentation compiler.
2026.03.25 19:06:11 INFO  no build target found for C:\Users\Sakib\Desktop\Mthree-Final\backend\src\main\java\com\sakib_jeter\backend\controller\AuthController.java. Using fallback presentation compiler.
2026.03.25 19:06:13 INFO  no build target found for C:\Users\Sakib\Desktop\Mthree-Final\backend\src\main\java\com\sakib_jeter\backend\controller\AuthController.java. Using fallback presentation compiler.
2026.03.25 19:06:13 INFO  no build target found for C:\Users\Sakib\Desktop\Mthree-Final\backend\src\main\java\com\sakib_jeter\backend\controller\AuthController.java. Using fallback presentation compiler.
2026.03.25 19:06:16 INFO  no build target found for C:\Users\Sakib\Desktop\Mthree-Final\backend\src\main\java\com\sakib_jeter\backend\controller\AuthController.java. Using fallback presentation compiler.
2026.03.25 19:06:16 INFO  no build target found for C:\Users\Sakib\Desktop\Mthree-Final\backend\src\main\java\com\sakib_jeter\backend\controller\AuthController.java. Using fallback presentation compiler.
2026.03.25 19:06:22 INFO  no build target found for C:\Users\Sakib\Desktop\Mthree-Final\backend\src\main\java\com\sakib_jeter\backend\service\SignupService.java. Using fallback presentation compiler.
2026.03.25 19:06:22 INFO  no build target found for C:\Users\Sakib\Desktop\Mthree-Final\backend\src\main\java\com\sakib_jeter\backend\service\SignupService.java. Using fallback presentation compiler.
2026.03.25 19:06:22 INFO  no build target found for C:\Users\Sakib\Desktop\Mthree-Final\backend\src\main\java\com\sakib_jeter\backend\service\SignupService.java. Using fallback presentation compiler.
2026.03.25 19:06:24 INFO  no build target found for C:\Users\Sakib\Desktop\Mthree-Final\backend\src\main\java\com\sakib_jeter\backend\service\SignupService.java. Using fallback presentation compiler.
2026.03.25 19:06:25 INFO  no build target found for C:\Users\Sakib\Desktop\Mthree-Final\backend\src\main\java\com\sakib_jeter\backend\service\SignupService.java. Using fallback presentation compiler.
2026.03.25 19:06:25 INFO  no build target found for C:\Users\Sakib\Desktop\Mthree-Final\backend\src\main\java\com\sakib_jeter\backend\service\SignupService.java. Using fallback presentation compiler.
2026.03.25 19:06:25 INFO  no build target found for C:\Users\Sakib\Desktop\Mthree-Final\backend\src\main\java\com\sakib_jeter\backend\service\SignupService.java. Using fallback presentation compiler.
2026.03.25 19:06:25 INFO  no build target found for C:\Users\Sakib\Desktop\Mthree-Final\backend\src\main\java\com\sakib_jeter\backend\service\SignupService.java. Using fallback presentation compiler.
2026.03.25 19:06:46 INFO  no build target found for C:\Users\Sakib\Desktop\Mthree-Final\backend\src\main\java\com\sakib_jeter\backend\service\SignupService.java. Using fallback presentation compiler.
2026.03.25 19:06:46 INFO  no build target found for C:\Users\Sakib\Desktop\Mthree-Final\backend\src\main\java\com\sakib_jeter\backend\config\SecurityConfig.java. Using fallback presentation compiler.
2026.03.25 19:06:46 INFO  no build target found for C:\Users\Sakib\Desktop\Mthree-Final\backend\src\main\java\com\sakib_jeter\backend\config\SecurityConfig.java. Using fallback presentation compiler.
2026.03.25 19:06:46 INFO  no build target found for C:\Users\Sakib\Desktop\Mthree-Final\backend\src\main\java\com\sakib_jeter\backend\config\SecurityConfig.java. Using fallback presentation compiler.
2026.03.25 19:06:46 INFO  no build target found for C:\Users\Sakib\Desktop\Mthree-Final\backend\src\main\java\com\sakib_jeter\backend\config\SecurityConfig.java. Using fallback presentation compiler.
2026.03.25 19:06:46 INFO  no build target found for C:\Users\Sakib\Desktop\Mthree-Final\backend\src\main\java\com\sakib_jeter\backend\config\SecurityConfig.java. Using fallback presentation compiler.
2026.03.25 19:06:47 INFO  no build target found for C:\Users\Sakib\Desktop\Mthree-Final\backend\src\main\java\com\sakib_jeter\backend\config\SecurityConfig.java. Using fallback presentation compiler.
2026.03.25 19:06:47 INFO  no build target found for C:\Users\Sakib\Desktop\Mthree-Final\backend\src\main\java\com\sakib_jeter\backend\config\SecurityConfig.java. Using fallback presentation compiler.
2026.03.25 19:06:47 INFO  no build target found for C:\Users\Sakib\Desktop\Mthree-Final\backend\src\main\java\com\sakib_jeter\backend\config\SecurityConfig.java. Using fallback presentation compiler.
2026.03.25 19:06:49 INFO  no build target found for C:\Users\Sakib\Desktop\Mthree-Final\backend\src\main\java\com\sakib_jeter\backend\config\SecurityConfig.java. Using fallback presentation compiler.
2026.03.25 19:06:53 INFO  no build target found for C:\Users\Sakib\Desktop\Mthree-Final\backend\src\main\java\com\sakib_jeter\backend\config\SecurityConfig.java. Using fallback presentation compiler.
2026.03.25 19:06:54 INFO  no build target found for C:\Users\Sakib\Desktop\Mthree-Final\backend\src\main\java\com\sakib_jeter\backend\config\SecurityConfig.java. Using fallback presentation compiler.
2026.03.25 19:06:54 INFO  no build target found for C:\Users\Sakib\Desktop\Mthree-Final\backend\src\main\java\com\sakib_jeter\backend\config\SecurityConfig.java. Using fallback presentation compiler.
2026.03.25 19:06:54 INFO  no build target found for C:\Users\Sakib\Desktop\Mthree-Final\backend\src\main\java\com\sakib_jeter\backend\config\SecurityConfig.java. Using fallback presentation compiler.
2026.03.25 19:06:54 INFO  no build target found for C:\Users\Sakib\Desktop\Mthree-Final\backend\src\main\java\com\sakib_jeter\backend\config\SecurityConfig.java. Using fallback presentation compiler.
2026.03.25 19:06:55 INFO  no build target found for C:\Users\Sakib\Desktop\Mthree-Final\backend\src\main\java\com\sakib_jeter\backend\config\SecurityConfig.java. Using fallback presentation compiler.
2026.03.25 19:07:07 INFO  no build target found for C:\Users\Sakib\Desktop\Mthree-Final\backend\src\main\java\com\sakib_jeter\backend\config\SecurityConfig.java. Using fallback presentation compiler.
2026.03.25 19:07:09 INFO  no build target found for C:\Users\Sakib\Desktop\Mthree-Final\backend\src\main\java\com\sakib_jeter\backend\config\SecurityConfig.java. Using fallback presentation compiler.
2026.03.25 19:07:09 INFO  no build target found for C:\Users\Sakib\Desktop\Mthree-Final\backend\src\main\java\com\sakib_jeter\backend\config\SecurityConfig.java. Using fallback presentation compiler.
2026.03.25 19:07:13 INFO  no build target found for C:\Users\Sakib\Desktop\Mthree-Final\backend\src\main\java\com\sakib_jeter\backend\config\SecurityConfig.java. Using fallback presentation compiler.
2026.03.25 19:07:13 INFO  no build target found for C:\Users\Sakib\Desktop\Mthree-Final\backend\src\main\java\com\sakib_jeter\backend\config\SecurityConfig.java. Using fallback presentation compiler.
2026.03.25 19:07:14 INFO  no build target found for C:\Users\Sakib\Desktop\Mthree-Final\backend\src\main\java\com\sakib_jeter\backend\config\SecurityConfig.java. Using fallback presentation compiler.
2026.03.25 19:07:14 INFO  no build target found for C:\Users\Sakib\Desktop\Mthree-Final\backend\src\main\java\com\sakib_jeter\backend\config\SecurityConfig.java. Using fallback presentation compiler.
2026.03.25 19:07:15 INFO  no build target found for C:\Users\Sakib\Desktop\Mthree-Final\backend\src\main\java\com\sakib_jeter\backend\config\SecurityConfig.java. Using fallback presentation compiler.
2026.03.25 19:07:22 INFO  no build target found for C:\Users\Sakib\Desktop\Mthree-Final\backend\src\main\java\com\sakib_jeter\backend\config\SecurityConfig.java. Using fallback presentation compiler.
2026.03.25 19:07:22 INFO  no build target found for C:\Users\Sakib\Desktop\Mthree-Final\backend\src\main\java\com\sakib_jeter\backend\config\JwtAuthenticationFilter.java. Using fallback presentation compiler.
2026.03.25 19:07:22 INFO  no build target found for C:\Users\Sakib\Desktop\Mthree-Final\backend\src\main\java\com\sakib_jeter\backend\config\JwtAuthenticationFilter.java. Using fallback presentation compiler.
2026.03.25 19:07:22 INFO  no build target found for C:\Users\Sakib\Desktop\Mthree-Final\backend\src\main\java\com\sakib_jeter\backend\config\JwtAuthenticationFilter.java. Using fallback presentation compiler.
2026.03.25 19:07:22 INFO  no build target found for C:\Users\Sakib\Desktop\Mthree-Final\backend\src\main\java\com\sakib_jeter\backend\config\JwtAuthenticationFilter.java. Using fallback presentation compiler.
2026.03.25 19:07:23 INFO  no build target found for C:\Users\Sakib\Desktop\Mthree-Final\backend\src\main\java\com\sakib_jeter\backend\config\JwtAuthenticationFilter.java. Using fallback presentation compiler.
2026.03.25 19:07:23 INFO  no build target found for C:\Users\Sakib\Desktop\Mthree-Final\backend\src\main\java\com\sakib_jeter\backend\config\JwtAuthenticationFilter.java. Using fallback presentation compiler.
2026.03.25 19:07:23 INFO  no build target found for C:\Users\Sakib\Desktop\Mthree-Final\backend\src\main\java\com\sakib_jeter\backend\config\JwtAuthenticationFilter.java. Using fallback presentation compiler.
2026.03.25 19:07:23 INFO  no build target found for C:\Users\Sakib\Desktop\Mthree-Final\backend\src\main\java\com\sakib_jeter\backend\config\JwtAuthenticationFilter.java. Using fallback presentation compiler.
2026.03.25 19:07:23 INFO  no build target found for C:\Users\Sakib\Desktop\Mthree-Final\backend\src\main\java\com\sakib_jeter\backend\config\JwtAuthenticationFilter.java. Using fallback presentation compiler.
2026.03.25 19:07:24 INFO  no build target found for C:\Users\Sakib\Desktop\Mthree-Final\backend\src\main\java\com\sakib_jeter\backend\config\JwtAuthenticationFilter.java. Using fallback presentation compiler.
2026.03.25 19:07:24 INFO  no build target found for C:\Users\Sakib\Desktop\Mthree-Final\backend\src\main\java\com\sakib_jeter\backend\config\JwtAuthenticationFilter.java. Using fallback presentation compiler.
2026.03.25 19:07:31 INFO  no build target found for C:\Users\Sakib\Desktop\Mthree-Final\backend\src\main\java\com\sakib_jeter\backend\config\JwtAuthenticationFilter.java. Using fallback presentation compiler.
2026.03.25 19:07:31 INFO  no build target found for C:\Users\Sakib\Desktop\Mthree-Final\backend\src\main\java\com\sakib_jeter\backend\config\JwtAuthenticationFilter.java. Using fallback presentation compiler.
2026.03.25 19:07:37 INFO  no build target found for C:\Users\Sakib\Desktop\Mthree-Final\backend\src\main\java\com\sakib_jeter\backend\config\JwtAuthenticationFilter.java. Using fallback presentation compiler.
2026.03.25 19:07:37 INFO  no build target found for C:\Users\Sakib\Desktop\Mthree-Final\backend\src\main\java\com\sakib_jeter\backend\config\JwtAuthenticationFilter.java. Using fallback presentation compiler.
2026.03.25 19:07:37 INFO  no build target found for C:\Users\Sakib\Desktop\Mthree-Final\backend\src\main\java\com\sakib_jeter\backend\config\JwtAuthenticationFilter.java. Using fallback presentation compiler.
2026.03.25 19:07:37 INFO  no build target found for C:\Users\Sakib\Desktop\Mthree-Final\backend\src\main\java\com\sakib_jeter\backend\config\JwtAuthenticationFilter.java. Using fallback presentation compiler.
2026.03.25 19:07:37 INFO  no build target found for C:\Users\Sakib\Desktop\Mthree-Final\backend\src\main\java\com\sakib_jeter\backend\config\JwtAuthenticationFilter.java. Using fallback presentation compiler.
2026.03.25 19:07:37 INFO  no build target found for C:\Users\Sakib\Desktop\Mthree-Final\backend\src\main\java\com\sakib_jeter\backend\config\JwtAuthenticationFilter.java. Using fallback presentation compiler.
2026.03.25 19:07:37 INFO  no build target found for C:\Users\Sakib\Desktop\Mthree-Final\backend\src\main\java\com\sakib_jeter\backend\config\JwtAuthenticationFilter.java. Using fallback presentation compiler.
2026.03.25 19:07:37 INFO  Created report: Optional[file:///C:/Users/Sakib/Desktop/Mthree-Final/backend/src/main/java/com/sakib_jeter/backend/config/JwtAuthenticationFilter.java]
2026.03.25 19:07:37 INFO  empty definition using pc, found symbol in pc: _empty_/HttpServletRequest#getHeader# (full report at: "C:\Users\Sakib\Desktop\Mthree-Final\.metals\.reports\metals-full\2026-03-25\r_empty-definition_19-07-37-812.md")
2026.03.25 19:07:37 INFO  no build target found for C:\Users\Sakib\Desktop\Mthree-Final\backend\src\main\java\com\sakib_jeter\backend\config\JwtAuthenticationFilter.java. Using fallback presentation compiler.
2026.03.25 19:08:06 INFO  no build target found for C:\Users\Sakib\Desktop\Mthree-Final\backend\src\main\java\com\sakib_jeter\backend\config\JwtAuthenticationFilter.java. Using fallback presentation compiler.
2026.03.25 19:08:07 INFO  no build target found for C:\Users\Sakib\Desktop\Mthree-Final\backend\src\main\java\com\sakib_jeter\backend\config\JwtAuthenticationFilter.java. Using fallback presentation compiler.
2026.03.25 19:08:07 INFO  no build target found for C:\Users\Sakib\Desktop\Mthree-Final\backend\src\main\java\com\sakib_jeter\backend\config\JwtAuthenticationFilter.java. Using fallback presentation compiler.
2026.03.25 19:08:07 INFO  no build target found for C:\Users\Sakib\Desktop\Mthree-Final\backend\src\main\java\com\sakib_jeter\backend\config\JwtAuthenticationFilter.java. Using fallback presentation compiler.
2026.03.25 19:08:16 INFO  no build target found for C:\Users\Sakib\Desktop\Mthree-Final\backend\src\main\java\com\sakib_jeter\backend\config\JwtAuthenticationFilter.java. Using fallback presentation compiler.
2026.03.25 19:08:26 INFO  no build target found for C:\Users\Sakib\Desktop\Mthree-Final\backend\src\main\java\com\sakib_jeter\backend\config\JwtAuthenticationFilter.java. Using fallback presentation compiler.
2026.03.25 19:08:37 INFO  no build target found for C:\Users\Sakib\Desktop\Mthree-Final\backend\src\main\java\com\sakib_jeter\backend\config\JwtAuthenticationFilter.java. Using fallback presentation compiler.
2026.03.25 19:08:37 INFO  no build target found for C:\Users\Sakib\Desktop\Mthree-Final\backend\src\main\java\com\sakib_jeter\backend\service\SignupService.java. Using fallback presentation compiler.
2026.03.25 19:08:37 INFO  no build target found for C:\Users\Sakib\Desktop\Mthree-Final\backend\src\main\java\com\sakib_jeter\backend\service\SignupService.java. Using fallback presentation compiler.
2026.03.25 19:08:37 INFO  no build target found for C:\Users\Sakib\Desktop\Mthree-Final\backend\src\main\java\com\sakib_jeter\backend\service\SignupService.java. Using fallback presentation compiler.
2026.03.25 19:08:37 INFO  no build target found for C:\Users\Sakib\Desktop\Mthree-Final\backend\src\main\java\com\sakib_jeter\backend\service\SignupService.java. Using fallback presentation compiler.
2026.03.25 19:08:46 INFO  no build target found for C:\Users\Sakib\Desktop\Mthree-Final\backend\src\main\java\com\sakib_jeter\backend\service\SignupService.java. Using fallback presentation compiler.
2026.03.25 19:09:23 INFO  no build target found for C:\Users\Sakib\Desktop\Mthree-Final\backend\src\main\java\com\sakib_jeter\backend\service\SignupService.java. Using fallback presentation compiler.
2026.03.25 19:09:23 INFO  no build target found for C:\Users\Sakib\Desktop\Mthree-Final\backend\src\main\java\com\sakib_jeter\backend\service\SignupService.java. Using fallback presentation compiler.
Mar 25, 2026 7:09:24 PM org.eclipse.lsp4j.jsonrpc.RemoteEndpoint handleCancellation
WARNING: Unmatched cancel notification for request id 240
2026.03.25 19:09:23 INFO  no build target found for C:\Users\Sakib\Desktop\Mthree-Final\backend\src\main\java\com\sakib_jeter\backend\service\SignupService.java. Using fallback presentation compiler.
2026.03.25 19:09:24 INFO  no build target found for C:\Users\Sakib\Desktop\Mthree-Final\backend\src\main\java\com\sakib_jeter\backend\service\SignupService.java. Using fallback presentation compiler.
2026.03.25 19:09:26 INFO  no build target found for C:\Users\Sakib\Desktop\Mthree-Final\backend\src\main\java\com\sakib_jeter\backend\service\SignupService.java. Using fallback presentation compiler.
2026.03.25 19:09:34 INFO  no build target found for C:\Users\Sakib\Desktop\Mthree-Final\backend\src\main\java\com\sakib_jeter\backend\service\SignupService.java. Using fallback presentation compiler.
2026.03.25 19:09:34 INFO  no build target found for C:\Users\Sakib\Desktop\Mthree-Final\backend\src\main\java\com\sakib_jeter\backend\config\SecurityConfig.java. Using fallback presentation compiler.
2026.03.25 19:09:34 INFO  no build target found for C:\Users\Sakib\Desktop\Mthree-Final\backend\src\main\java\com\sakib_jeter\backend\config\SecurityConfig.java. Using fallback presentation compiler.
2026.03.25 19:09:34 INFO  no build target found for C:\Users\Sakib\Desktop\Mthree-Final\backend\src\main\java\com\sakib_jeter\backend\config\SecurityConfig.java. Using fallback presentation compiler.
2026.03.25 19:09:34 INFO  no build target found for C:\Users\Sakib\Desktop\Mthree-Final\backend\src\main\java\com\sakib_jeter\backend\config\SecurityConfig.java. Using fallback presentation compiler.
2026.03.25 19:09:34 INFO  no build target found for C:\Users\Sakib\Desktop\Mthree-Final\backend\src\main\java\com\sakib_jeter\backend\config\SecurityConfig.java. Using fallback presentation compiler.
2026.03.25 19:09:35 INFO  no build target found for C:\Users\Sakib\Desktop\Mthree-Final\backend\src\main\java\com\sakib_jeter\backend\config\SecurityConfig.java. Using fallback presentation compiler.
2026.03.25 19:09:37 INFO  no build target found for C:\Users\Sakib\Desktop\Mthree-Final\backend\src\main\java\com\sakib_jeter\backend\config\SecurityConfig.java. Using fallback presentation compiler.
2026.03.25 19:09:40 INFO  no build target found for C:\Users\Sakib\Desktop\Mthree-Final\backend\src\main\java\com\sakib_jeter\backend\config\SecurityConfig.java. Using fallback presentation compiler.
2026.03.25 19:09:42 INFO  no build target found for C:\Users\Sakib\Desktop\Mthree-Final\backend\src\main\java\com\sakib_jeter\backend\config\SecurityConfig.java. Using fallback presentation compiler.
2026.03.25 19:09:53 INFO  no build target found for C:\Users\Sakib\Desktop\Mthree-Final\backend\src\main\java\com\sakib_jeter\backend\config\SecurityConfig.java. Using fallback presentation compiler.
2026.03.25 19:09:53 INFO  no build target found for C:\Users\Sakib\Desktop\Mthree-Final\backend\src\main\java\com\sakib_jeter\backend\config\SecurityConfig.java. Using fallback presentation compiler.
2026.03.25 19:09:53 INFO  no build target found for C:\Users\Sakib\Desktop\Mthree-Final\backend\src\main\java\com\sakib_jeter\backend\config\SecurityConfig.java. Using fallback presentation compiler.
2026.03.25 19:09:53 INFO  no build target found for C:\Users\Sakib\Desktop\Mthree-Final\backend\src\main\java\com\sakib_jeter\backend\config\SecurityConfig.java. Using fallback presentation compiler.
2026.03.25 19:09:54 WARN  no build target for: C:\Users\Sakib\Desktop\Mthree-Final\backend\src\main\java\com\sakib_jeter\backend\config\SecurityConfig.java
2026.03.25 19:09:54 INFO  no build target found for C:\Users\Sakib\Desktop\Mthree-Final\backend\src\main\java\com\sakib_jeter\backend\config\SecurityConfig.java. Using fallback presentation compiler.
2026.03.25 19:09:53 INFO  no build target found for C:\Users\Sakib\Desktop\Mthree-Final\backend\src\main\java\com\sakib_jeter\backend\config\SecurityConfig.java. Using fallback presentation compiler.
2026.03.25 19:09:54 INFO  no build target found for C:\Users\Sakib\Desktop\Mthree-Final\backend\src\main\java\com\sakib_jeter\backend\config\SecurityConfig.java. Using fallback presentation compiler.
2026.03.25 19:09:54 INFO  no build target found for C:\Users\Sakib\Desktop\Mthree-Final\backend\src\main\java\com\sakib_jeter\backend\config\SecurityConfig.java. Using fallback presentation compiler.
2026.03.25 19:09:54 INFO  no build target found for C:\Users\Sakib\Desktop\Mthree-Final\backend\src\main\java\com\sakib_jeter\backend\config\SecurityConfig.java. Using fallback presentation compiler.
2026.03.25 19:09:54 INFO  no build target found for C:\Users\Sakib\Desktop\Mthree-Final\backend\src\main\java\com\sakib_jeter\backend\config\SecurityConfig.java. Using fallback presentation compiler.
2026.03.25 19:09:55 INFO  no build target found for C:\Users\Sakib\Desktop\Mthree-Final\backend\src\main\java\com\sakib_jeter\backend\config\SecurityConfig.java. Using fallback presentation compiler.
2026.03.25 19:09:54 INFO  no build target found for C:\Users\Sakib\Desktop\Mthree-Final\backend\src\main\java\com\sakib_jeter\backend\config\SecurityConfig.java. Using fallback presentation compiler.
2026.03.25 19:09:54 INFO  no build target found for C:\Users\Sakib\Desktop\Mthree-Final\backend\src\main\java\com\sakib_jeter\backend\config\SecurityConfig.java. Using fallback presentation compiler.
2026.03.25 19:09:55 WARN  no build target for: C:\Users\Sakib\Desktop\Mthree-Final\backend\src\main\java\com\sakib_jeter\backend\config\SecurityConfig.java
2026.03.25 19:09:55 INFO  no build target found for C:\Users\Sakib\Desktop\Mthree-Final\backend\src\main\java\com\sakib_jeter\backend\config\SecurityConfig.java. Using fallback presentation compiler.
2026.03.25 19:09:56 INFO  no build target found for C:\Users\Sakib\Desktop\Mthree-Final\backend\src\main\java\com\sakib_jeter\backend\config\SecurityConfig.java. Using fallback presentation compiler.
2026.03.25 19:09:57 INFO  no build target found for C:\Users\Sakib\Desktop\Mthree-Final\backend\src\main\java\com\sakib_jeter\backend\config\SecurityConfig.java. Using fallback presentation compiler.
2026.03.25 19:09:58 INFO  no build target found for C:\Users\Sakib\Desktop\Mthree-Final\backend\src\main\java\com\sakib_jeter\backend\config\SecurityConfig.java. Using fallback presentation compiler.
2026.03.25 19:09:58 INFO  no build target found for C:\Users\Sakib\Desktop\Mthree-Final\backend\src\main\java\com\sakib_jeter\backend\config\SecurityConfig.java. Using fallback presentation compiler.
2026.03.25 19:10:00 INFO  no build target found for C:\Users\Sakib\Desktop\Mthree-Final\backend\src\main\java\com\sakib_jeter\backend\config\SecurityConfig.java. Using fallback presentation compiler.
2026.03.25 19:10:00 INFO  no build target found for C:\Users\Sakib\Desktop\Mthree-Final\backend\src\main\java\com\sakib_jeter\backend\config\SecurityConfig.java. Using fallback presentation compiler.
2026.03.25 19:10:00 INFO  no build target found for C:\Users\Sakib\Desktop\Mthree-Final\backend\src\main\java\com\sakib_jeter\backend\config\SecurityConfig.java. Using fallback presentation compiler.
2026.03.25 19:10:00 INFO  no build target found for C:\Users\Sakib\Desktop\Mthree-Final\backend\src\main\java\com\sakib_jeter\backend\config\SecurityConfig.java. Using fallback presentation compiler.
2026.03.25 19:10:00 INFO  no build target found for C:\Users\Sakib\Desktop\Mthree-Final\backend\src\main\java\com\sakib_jeter\backend\config\SecurityConfig.java. Using fallback presentation compiler.
2026.03.25 19:10:00 INFO  no build target found for C:\Users\Sakib\Desktop\Mthree-Final\backend\src\main\java\com\sakib_jeter\backend\config\SecurityConfig.java. Using fallback presentation compiler.
2026.03.25 19:10:00 INFO  no build target found for C:\Users\Sakib\Desktop\Mthree-Final\backend\src\main\java\com\sakib_jeter\backend\config\SecurityConfig.java. Using fallback presentation compiler.
2026.03.25 19:10:00 INFO  no build target found for C:\Users\Sakib\Desktop\Mthree-Final\backend\src\main\java\com\sakib_jeter\backend\config\SecurityConfig.java. Using fallback presentation compiler.
2026.03.25 19:10:00 INFO  Created report: Optional[file:///C:/Users/Sakib/Desktop/Mthree-Final/backend/src/main/java/com/sakib_jeter/backend/config/SecurityConfig.java]
2026.03.25 19:10:00 INFO  empty definition using pc, found symbol in pc: _empty_/JwtAuthenticationFilter# (full report at: "C:\Users\Sakib\Desktop\Mthree-Final\.metals\.reports\metals-full\2026-03-25\r_empty-definition_19-10-00-297.md")
2026.03.25 19:10:01 INFO  no build target found for C:\Users\Sakib\Desktop\Mthree-Final\backend\src\main\java\com\sakib_jeter\backend\config\SecurityConfig.java. Using fallback presentation compiler.
2026.03.25 19:10:01 INFO  no build target found for C:\Users\Sakib\Desktop\Mthree-Final\backend\src\main\java\com\sakib_jeter\backend\config\SecurityConfig.java. Using fallback presentation compiler.
2026.03.25 19:10:01 INFO  no build target found for C:\Users\Sakib\Desktop\Mthree-Final\backend\src\main\java\com\sakib_jeter\backend\config\SecurityConfig.java. Using fallback presentation compiler.
2026.03.25 19:10:02 INFO  no build target found for C:\Users\Sakib\Desktop\Mthree-Final\backend\src\main\java\com\sakib_jeter\backend\config\SecurityConfig.java. Using fallback presentation compiler.
2026.03.25 19:10:53 INFO  no build target found for C:\Users\Sakib\Desktop\Mthree-Final\backend\src\main\java\com\sakib_jeter\backend\config\SecurityConfig.java. Using fallback presentation compiler.
2026.03.25 19:10:53 INFO  no build target found for C:\Users\Sakib\Desktop\Mthree-Final\backend\src\main\java\com\sakib_jeter\backend\config\SecurityConfig.java. Using fallback presentation compiler.
2026.03.25 19:10:54 INFO  no build target found for C:\Users\Sakib\Desktop\Mthree-Final\backend\src\main\java\com\sakib_jeter\backend\config\SecurityConfig.java. Using fallback presentation compiler.
2026.03.25 19:10:54 INFO  no build target found for C:\Users\Sakib\Desktop\Mthree-Final\backend\src\main\java\com\sakib_jeter\backend\config\SecurityConfig.java. Using fallback presentation compiler.
2026.03.25 19:10:54 INFO  no build target found for C:\Users\Sakib\Desktop\Mthree-Final\backend\src\main\java\com\sakib_jeter\backend\config\SecurityConfig.java. Using fallback presentation compiler.
2026.03.25 19:10:54 INFO  no build target found for C:\Users\Sakib\Desktop\Mthree-Final\backend\src\main\java\com\sakib_jeter\backend\config\SecurityConfig.java. Using fallback presentation compiler.
2026.03.25 19:10:56 INFO  no build target found for C:\Users\Sakib\Desktop\Mthree-Final\backend\src\main\java\com\sakib_jeter\backend\config\SecurityConfig.java. Using fallback presentation compiler.
2026.03.25 19:10:56 INFO  no build target found for C:\Users\Sakib\Desktop\Mthree-Final\backend\src\main\java\com\sakib_jeter\backend\config\SecurityConfig.java. Using fallback presentation compiler.
2026.03.25 19:10:58 INFO  no build target found for C:\Users\Sakib\Desktop\Mthree-Final\backend\src\main\java\com\sakib_jeter\backend\config\SecurityConfig.java. Using fallback presentation compiler.
Mar 25, 2026 7:10:58 PM org.eclipse.lsp4j.jsonrpc.RemoteEndpoint handleCancellation
WARNING: Unmatched cancel notification for request id 303
2026.03.25 19:10:58 INFO  no build target found for C:\Users\Sakib\Desktop\Mthree-Final\backend\src\main\java\com\sakib_jeter\backend\config\SecurityConfig.java. Using fallback presentation compiler.
2026.03.25 19:11:32 INFO  no build target found for C:\Users\Sakib\Desktop\Mthree-Final\backend\src\main\java\com\sakib_jeter\backend\config\SecurityConfig.java. Using fallback presentation compiler.
2026.03.25 19:17:57 INFO  no build target found for C:\Users\Sakib\Desktop\Mthree-Final\backend\src\main\java\com\sakib_jeter\backend\controller\AuthController.java. Using fallback presentation compiler.
2026.03.25 19:17:57 WARN  no build target for: C:\Users\Sakib\Desktop\Mthree-Final\backend\src\main\java\com\sakib_jeter\backend\controller\AuthController.java
2026.03.25 19:17:57 INFO  no build target found for C:\Users\Sakib\Desktop\Mthree-Final\backend\src\main\java\com\sakib_jeter\backend\controller\AuthController.java. Using fallback presentation compiler.
2026.03.25 19:17:57 INFO  no build target found for C:\Users\Sakib\Desktop\Mthree-Final\backend\src\main\java\com\sakib_jeter\backend\controller\AuthController.java. Using fallback presentation compiler.
2026.03.25 19:17:57 INFO  no build target found for C:\Users\Sakib\Desktop\Mthree-Final\backend\src\main\java\com\sakib_jeter\backend\controller\AuthController.java. Using fallback presentation compiler.
2026.03.25 19:17:57 INFO  no build target found for C:\Users\Sakib\Desktop\Mthree-Final\backend\src\main\java\com\sakib_jeter\backend\controller\AuthController.java. Using fallback presentation compiler.
2026.03.25 19:17:59 INFO  no build target found for C:\Users\Sakib\Desktop\Mthree-Final\backend\src\main\java\com\sakib_jeter\backend\controller\AuthController.java. Using fallback presentation compiler.
2026.03.25 19:17:59 INFO  no build target found for C:\Users\Sakib\Desktop\Mthree-Final\backend\src\main\java\com\sakib_jeter\backend\controller\AuthController.java. Using fallback presentation compiler.
2026.03.25 19:55:07 INFO  no build target found for C:\Users\Sakib\Desktop\Mthree-Final\backend\src\main\java\com\sakib_jeter\backend\controller\AuthController.java. Using fallback presentation compiler.
2026.03.25 19:55:07 INFO  no build target found for C:\Users\Sakib\Desktop\Mthree-Final\backend\src\main\java\com\sakib_jeter\backend\controller\AuthController.java. Using fallback presentation compiler.
2026.03.25 19:55:09 INFO  no build target found for C:\Users\Sakib\Desktop\Mthree-Final\backend\src\main\java\com\sakib_jeter\backend\controller\AuthController.java. Using fallback presentation compiler.
2026.03.25 19:55:09 INFO  no build target found for C:\Users\Sakib\Desktop\Mthree-Final\backend\src\main\java\com\sakib_jeter\backend\controller\AuthController.java. Using fallback presentation compiler.
2026.03.25 19:55:09 INFO  no build target found for C:\Users\Sakib\Desktop\Mthree-Final\backend\src\main\java\com\sakib_jeter\backend\controller\AuthController.java. Using fallback presentation compiler.
2026.03.25 19:55:11 INFO  no build target found for C:\Users\Sakib\Desktop\Mthree-Final\backend\src\main\java\com\sakib_jeter\backend\controller\AuthController.java. Using fallback presentation compiler.
2026.03.25 19:55:11 INFO  no build target found for C:\Users\Sakib\Desktop\Mthree-Final\backend\src\main\java\com\sakib_jeter\backend\controller\AuthController.java. Using fallback presentation compiler.
2026.03.25 19:55:11 INFO  no build target found for C:\Users\Sakib\Desktop\Mthree-Final\backend\src\main\java\com\sakib_jeter\backend\controller\AuthController.java. Using fallback presentation compiler.
2026.03.25 19:55:11 INFO  no build target found for C:\Users\Sakib\Desktop\Mthree-Final\backend\src\main\java\com\sakib_jeter\backend\controller\AuthController.java. Using fallback presentation compiler.
2026.03.25 19:55:12 INFO  no build target found for C:\Users\Sakib\Desktop\Mthree-Final\backend\src\main\java\com\sakib_jeter\backend\controller\AuthController.java. Using fallback presentation compiler.
2026.03.25 19:55:12 INFO  no build target found for C:\Users\Sakib\Desktop\Mthree-Final\backend\src\main\java\com\sakib_jeter\backend\controller\AuthController.java. Using fallback presentation compiler.
2026.03.25 19:55:12 INFO  no build target found for C:\Users\Sakib\Desktop\Mthree-Final\backend\src\main\java\com\sakib_jeter\backend\controller\AuthController.java. Using fallback presentation compiler.
2026.03.25 19:55:12 INFO  no build target found for C:\Users\Sakib\Desktop\Mthree-Final\backend\src\main\java\com\sakib_jeter\backend\controller\AuthController.java. Using fallback presentation compiler.
2026.03.25 19:55:12 INFO  no build target found for C:\Users\Sakib\Desktop\Mthree-Final\backend\src\main\java\com\sakib_jeter\backend\controller\AuthController.java. Using fallback presentation compiler.
2026.03.25 19:55:12 INFO  no build target found for C:\Users\Sakib\Desktop\Mthree-Final\backend\src\main\java\com\sakib_jeter\backend\controller\AuthController.java. Using fallback presentation compiler.
2026.03.25 19:55:12 INFO  no build target found for C:\Users\Sakib\Desktop\Mthree-Final\backend\src\main\java\com\sakib_jeter\backend\controller\AuthController.java. Using fallback presentation compiler.
2026.03.25 19:55:13 WARN  no build target for: C:\Users\Sakib\Desktop\Mthree-Final\backend\src\main\java\com\sakib_jeter\backend\controller\AuthController.java
2026.03.25 19:55:13 INFO  no build target found for C:\Users\Sakib\Desktop\Mthree-Final\backend\src\main\java\com\sakib_jeter\backend\controller\AuthController.java. Using fallback presentation compiler.
2026.03.25 19:55:14 INFO  no build target found for C:\Users\Sakib\Desktop\Mthree-Final\backend\src\main\java\com\sakib_jeter\backend\controller\AuthController.java. Using fallback presentation compiler.
2026.03.25 19:55:14 INFO  no build target found for C:\Users\Sakib\Desktop\Mthree-Final\backend\src\main\java\com\sakib_jeter\backend\controller\AuthController.java. Using fallback presentation compiler.
2026.03.25 19:55:14 INFO  no build target found for C:\Users\Sakib\Desktop\Mthree-Final\backend\src\main\java\com\sakib_jeter\backend\controller\AuthController.java. Using fallback presentation compiler.
2026.03.25 19:55:14 INFO  no build target found for C:\Users\Sakib\Desktop\Mthree-Final\backend\src\main\java\com\sakib_jeter\backend\controller\AuthController.java. Using fallback presentation compiler.
2026.03.25 19:55:14 INFO  no build target found for C:\Users\Sakib\Desktop\Mthree-Final\backend\src\main\java\com\sakib_jeter\backend\controller\AuthController.java. Using fallback presentation compiler.
2026.03.25 19:55:15 INFO  no build target found for C:\Users\Sakib\Desktop\Mthree-Final\backend\src\main\java\com\sakib_jeter\backend\controller\AuthController.java. Using fallback presentation compiler.
2026.03.25 19:55:15 INFO  no build target found for C:\Users\Sakib\Desktop\Mthree-Final\backend\src\main\java\com\sakib_jeter\backend\controller\AuthController.java. Using fallback presentation compiler.
2026.03.25 19:55:15 INFO  no build target found for C:\Users\Sakib\Desktop\Mthree-Final\backend\src\main\java\com\sakib_jeter\backend\controller\AuthController.java. Using fallback presentation compiler.
2026.03.25 19:55:16 INFO  no build target found for C:\Users\Sakib\Desktop\Mthree-Final\backend\src\main\java\com\sakib_jeter\backend\controller\AuthController.java. Using fallback presentation compiler.
2026.03.25 19:55:15 INFO  no build target found for C:\Users\Sakib\Desktop\Mthree-Final\backend\src\main\java\com\sakib_jeter\backend\controller\AuthController.java. Using fallback presentation compiler.
2026.03.25 19:55:15 INFO  no build target found for C:\Users\Sakib\Desktop\Mthree-Final\backend\src\main\java\com\sakib_jeter\backend\controller\AuthController.java. Using fallback presentation compiler.
2026.03.25 19:55:16 INFO  no build target found for C:\Users\Sakib\Desktop\Mthree-Final\backend\src\main\java\com\sakib_jeter\backend\controller\AuthController.java. Using fallback presentation compiler.
2026.03.25 19:55:16 INFO  no build target found for C:\Users\Sakib\Desktop\Mthree-Final\backend\src\main\java\com\sakib_jeter\backend\controller\AuthController.java. Using fallback presentation compiler.
2026.03.25 19:55:16 WARN  no build target for: C:\Users\Sakib\Desktop\Mthree-Final\backend\src\main\java\com\sakib_jeter\backend\controller\AuthController.java
2026.03.25 19:55:16 INFO  no build target found for C:\Users\Sakib\Desktop\Mthree-Final\backend\src\main\java\com\sakib_jeter\backend\controller\AuthController.java. Using fallback presentation compiler.
2026.03.25 19:55:16 INFO  no build target found for C:\Users\Sakib\Desktop\Mthree-Final\backend\src\main\java\com\sakib_jeter\backend\controller\AuthController.java. Using fallback presentation compiler.
2026.03.25 19:55:16 INFO  no build target found for C:\Users\Sakib\Desktop\Mthree-Final\backend\src\main\java\com\sakib_jeter\backend\controller\AuthController.java. Using fallback presentation compiler.
2026.03.25 19:55:16 INFO  no build target found for C:\Users\Sakib\Desktop\Mthree-Final\backend\src\main\java\com\sakib_jeter\backend\controller\AuthController.java. Using fallback presentation compiler.
2026.03.25 19:55:16 INFO  no build target found for C:\Users\Sakib\Desktop\Mthree-Final\backend\src\main\java\com\sakib_jeter\backend\controller\AuthController.java. Using fallback presentation compiler.
2026.03.25 19:55:17 INFO  no build target found for C:\Users\Sakib\Desktop\Mthree-Final\backend\src\main\java\com\sakib_jeter\backend\controller\AuthController.java. Using fallback presentation compiler.
2026.03.25 19:55:17 INFO  no build target found for C:\Users\Sakib\Desktop\Mthree-Final\backend\src\main\java\com\sakib_jeter\backend\controller\AuthController.java. Using fallback presentation compiler.
2026.03.25 19:55:20 INFO  no build target found for C:\Users\Sakib\Desktop\Mthree-Final\backend\src\main\java\com\sakib_jeter\backend\controller\AuthController.java. Using fallback presentation compiler.
2026.03.25 19:55:20 INFO  no build target found for C:\Users\Sakib\Desktop\Mthree-Final\backend\src\main\java\com\sakib_jeter\backend\controller\AuthController.java. Using fallback presentation compiler.
2026.03.25 19:55:20 INFO  no build target found for C:\Users\Sakib\Desktop\Mthree-Final\backend\src\main\java\com\sakib_jeter\backend\controller\AuthController.java. Using fallback presentation compiler.
2026.03.25 19:55:20 INFO  no build target found for C:\Users\Sakib\Desktop\Mthree-Final\backend\src\main\java\com\sakib_jeter\backend\controller\AuthController.java. Using fallback presentation compiler.
2026.03.25 19:55:20 INFO  no build target found for C:\Users\Sakib\Desktop\Mthree-Final\backend\src\main\java\com\sakib_jeter\backend\controller\AuthController.java. Using fallback presentation compiler.
2026.03.25 19:55:20 INFO  no build target found for C:\Users\Sakib\Desktop\Mthree-Final\backend\src\main\java\com\sakib_jeter\backend\controller\AuthController.java. Using fallback presentation compiler.
2026.03.25 19:55:21 INFO  no build target found for C:\Users\Sakib\Desktop\Mthree-Final\backend\src\main\java\com\sakib_jeter\backend\controller\AuthController.java. Using fallback presentation compiler.
2026.03.25 19:55:21 WARN  no build target for: C:\Users\Sakib\Desktop\Mthree-Final\backend\src\main\java\com\sakib_jeter\backend\controller\AuthController.java
2026.03.25 19:55:21 INFO  no build target found for C:\Users\Sakib\Desktop\Mthree-Final\backend\src\main\java\com\sakib_jeter\backend\controller\AuthController.java. Using fallback presentation compiler.
2026.03.25 19:55:21 INFO  no build target found for C:\Users\Sakib\Desktop\Mthree-Final\backend\src\main\java\com\sakib_jeter\backend\controller\AuthController.java. Using fallback presentation compiler.
2026.03.25 19:55:22 INFO  no build target found for C:\Users\Sakib\Desktop\Mthree-Final\backend\src\main\java\com\sakib_jeter\backend\controller\AuthController.java. Using fallback presentation compiler.
2026.03.25 19:55:22 INFO  no build target found for C:\Users\Sakib\Desktop\Mthree-Final\backend\src\main\java\com\sakib_jeter\backend\controller\AuthController.java. Using fallback presentation compiler.
2026.03.25 19:55:22 INFO  no build target found for C:\Users\Sakib\Desktop\Mthree-Final\backend\src\main\java\com\sakib_jeter\backend\controller\AuthController.java. Using fallback presentation compiler.
2026.03.25 19:55:22 INFO  no build target found for C:\Users\Sakib\Desktop\Mthree-Final\backend\src\main\java\com\sakib_jeter\backend\controller\AuthController.java. Using fallback presentation compiler.
2026.03.25 19:55:22 INFO  no build target found for C:\Users\Sakib\Desktop\Mthree-Final\backend\src\main\java\com\sakib_jeter\backend\controller\AuthController.java. Using fallback presentation compiler.
2026.03.25 19:55:23 INFO  no build target found for C:\Users\Sakib\Desktop\Mthree-Final\backend\src\main\java\com\sakib_jeter\backend\controller\AuthController.java. Using fallback presentation compiler.
2026.03.25 19:55:23 INFO  no build target found for C:\Users\Sakib\Desktop\Mthree-Final\backend\src\main\java\com\sakib_jeter\backend\controller\AuthController.java. Using fallback presentation compiler.
2026.03.25 19:55:23 INFO  no build target found for C:\Users\Sakib\Desktop\Mthree-Final\backend\src\main\java\com\sakib_jeter\backend\controller\AuthController.java. Using fallback presentation compiler.
2026.03.25 19:55:23 INFO  no build target found for C:\Users\Sakib\Desktop\Mthree-Final\backend\src\main\java\com\sakib_jeter\backend\controller\AuthController.java. Using fallback presentation compiler.
2026.03.25 19:55:28 INFO  no build target found for C:\Users\Sakib\Desktop\Mthree-Final\backend\src\main\java\com\sakib_jeter\backend\controller\AuthController.java. Using fallback presentation compiler.
2026.03.25 19:55:29 INFO  no build target found for C:\Users\Sakib\Desktop\Mthree-Final\backend\src\main\java\com\sakib_jeter\backend\controller\AuthController.java. Using fallback presentation compiler.
2026.03.25 19:55:29 INFO  no build target found for C:\Users\Sakib\Desktop\Mthree-Final\backend\src\main\java\com\sakib_jeter\backend\controller\AuthController.java. Using fallback presentation compiler.
2026.03.25 19:55:31 INFO  no build target found for C:\Users\Sakib\Desktop\Mthree-Final\backend\src\main\java\com\sakib_jeter\backend\controller\AuthController.java. Using fallback presentation compiler.
2026.03.25 19:55:31 INFO  no build target found for C:\Users\Sakib\Desktop\Mthree-Final\backend\src\main\java\com\sakib_jeter\backend\controller\AuthController.java. Using fallback presentation compiler.
2026.03.25 19:55:32 INFO  no build target found for C:\Users\Sakib\Desktop\Mthree-Final\backend\src\main\java\com\sakib_jeter\backend\controller\AuthController.java. Using fallback presentation compiler.
2026.03.25 19:55:34 INFO  no build target found for C:\Users\Sakib\Desktop\Mthree-Final\backend\src\main\java\com\sakib_jeter\backend\controller\AuthController.java. Using fallback presentation compiler.
2026.03.25 19:55:34 INFO  no build target found for C:\Users\Sakib\Desktop\Mthree-Final\backend\src\main\java\com\sakib_jeter\backend\controller\AuthController.java. Using fallback presentation compiler.
2026.03.25 19:55:34 INFO  no build target found for C:\Users\Sakib\Desktop\Mthree-Final\backend\src\main\java\com\sakib_jeter\backend\controller\AuthController.java. Using fallback presentation compiler.
2026.03.25 19:55:34 INFO  no build target found for C:\Users\Sakib\Desktop\Mthree-Final\backend\src\main\java\com\sakib_jeter\backend\controller\AuthController.java. Using fallback presentation compiler.
2026.03.25 19:55:34 INFO  no build target found for C:\Users\Sakib\Desktop\Mthree-Final\backend\src\main\java\com\sakib_jeter\backend\controller\AuthController.java. Using fallback presentation compiler.
2026.03.25 19:55:34 INFO  no build target found for C:\Users\Sakib\Desktop\Mthree-Final\backend\src\main\java\com\sakib_jeter\backend\controller\AuthController.java. Using fallback presentation compiler.
2026.03.25 19:55:35 INFO  no build target found for C:\Users\Sakib\Desktop\Mthree-Final\backend\src\main\java\com\sakib_jeter\backend\controller\AuthController.java. Using fallback presentation compiler.
2026.03.25 19:55:34 INFO  no build target found for C:\Users\Sakib\Desktop\Mthree-Final\backend\src\main\java\com\sakib_jeter\backend\controller\AuthController.java. Using fallback presentation compiler.
2026.03.25 19:55:35 INFO  no build target found for C:\Users\Sakib\Desktop\Mthree-Final\backend\src\main\java\com\sakib_jeter\backend\controller\AuthController.java. Using fallback presentation compiler.
2026.03.25 19:55:35 INFO  no build target found for C:\Users\Sakib\Desktop\Mthree-Final\backend\src\main\java\com\sakib_jeter\backend\controller\AuthController.java. Using fallback presentation compiler.
2026.03.25 19:55:35 INFO  no build target found for C:\Users\Sakib\Desktop\Mthree-Final\backend\src\main\java\com\sakib_jeter\backend\controller\AuthController.java. Using fallback presentation compiler.
2026.03.25 19:55:36 INFO  no build target found for C:\Users\Sakib\Desktop\Mthree-Final\backend\src\main\java\com\sakib_jeter\backend\controller\AuthController.java. Using fallback presentation compiler.
2026.03.25 19:55:36 INFO  no build target found for C:\Users\Sakib\Desktop\Mthree-Final\backend\src\main\java\com\sakib_jeter\backend\controller\AuthController.java. Using fallback presentation compiler.
2026.03.25 19:55:36 INFO  no build target found for C:\Users\Sakib\Desktop\Mthree-Final\backend\src\main\java\com\sakib_jeter\backend\controller\AuthController.java. Using fallback presentation compiler.
2026.03.25 19:55:37 INFO  no build target found for C:\Users\Sakib\Desktop\Mthree-Final\backend\src\main\java\com\sakib_jeter\backend\controller\AuthController.java. Using fallback presentation compiler.
2026.03.25 19:55:37 INFO  no build target found for C:\Users\Sakib\Desktop\Mthree-Final\backend\src\main\java\com\sakib_jeter\backend\controller\AuthController.java. Using fallback presentation compiler.
2026.03.25 19:55:37 INFO  no build target found for C:\Users\Sakib\Desktop\Mthree-Final\backend\src\main\java\com\sakib_jeter\backend\controller\AuthController.java. Using fallback presentation compiler.
2026.03.25 19:55:37 INFO  no build target found for C:\Users\Sakib\Desktop\Mthree-Final\backend\src\main\java\com\sakib_jeter\backend\controller\AuthController.java. Using fallback presentation compiler.
2026.03.25 19:55:37 INFO  no build target found for C:\Users\Sakib\Desktop\Mthree-Final\backend\src\main\java\com\sakib_jeter\backend\controller\AuthController.java. Using fallback presentation compiler.
2026.03.25 19:55:37 INFO  no build target found for C:\Users\Sakib\Desktop\Mthree-Final\backend\src\main\java\com\sakib_jeter\backend\controller\AuthController.java. Using fallback presentation compiler.
2026.03.25 19:55:38 INFO  no build target found for C:\Users\Sakib\Desktop\Mthree-Final\backend\src\main\java\com\sakib_jeter\backend\controller\AuthController.java. Using fallback presentation compiler.
2026.03.25 19:55:38 INFO  no build target found for C:\Users\Sakib\Desktop\Mthree-Final\backend\src\main\java\com\sakib_jeter\backend\controller\AuthController.java. Using fallback presentation compiler.
2026.03.25 19:55:38 INFO  no build target found for C:\Users\Sakib\Desktop\Mthree-Final\backend\src\main\java\com\sakib_jeter\backend\controller\AuthController.java. Using fallback presentation compiler.
2026.03.25 19:55:38 INFO  no build target found for C:\Users\Sakib\Desktop\Mthree-Final\backend\src\main\java\com\sakib_jeter\backend\controller\AuthController.java. Using fallback presentation compiler.
2026.03.25 19:55:38 INFO  no build target found for C:\Users\Sakib\Desktop\Mthree-Final\backend\src\main\java\com\sakib_jeter\backend\controller\AuthController.java. Using fallback presentation compiler.
2026.03.25 19:55:38 INFO  no build target found for C:\Users\Sakib\Desktop\Mthree-Final\backend\src\main\java\com\sakib_jeter\backend\controller\AuthController.java. Using fallback presentation compiler.
2026.03.25 19:55:39 INFO  no build target found for C:\Users\Sakib\Desktop\Mthree-Final\backend\src\main\java\com\sakib_jeter\backend\controller\AuthController.java. Using fallback presentation compiler.
2026.03.25 19:55:39 INFO  no build target found for C:\Users\Sakib\Desktop\Mthree-Final\backend\src\main\java\com\sakib_jeter\backend\controller\AuthController.java. Using fallback presentation compiler.
2026.03.25 19:55:39 INFO  no build target found for C:\Users\Sakib\Desktop\Mthree-Final\backend\src\main\java\com\sakib_jeter\backend\controller\AuthController.java. Using fallback presentation compiler.
2026.03.25 19:55:40 WARN  no build target for: C:\Users\Sakib\Desktop\Mthree-Final\backend\src\main\java\com\sakib_jeter\backend\controller\AuthController.java
2026.03.25 19:55:40 INFO  no build target found for C:\Users\Sakib\Desktop\Mthree-Final\backend\src\main\java\com\sakib_jeter\backend\controller\AuthController.java. Using fallback presentation compiler.
2026.03.25 19:55:46 INFO  no build target found for C:\Users\Sakib\Desktop\Mthree-Final\backend\src\main\java\com\sakib_jeter\backend\controller\AuthController.java. Using fallback presentation compiler.
2026.03.25 19:55:46 INFO  no build target found for C:\Users\Sakib\Desktop\Mthree-Final\backend\src\main\java\com\sakib_jeter\backend\controller\AuthController.java. Using fallback presentation compiler.
2026.03.25 19:55:46 INFO  no build target found for C:\Users\Sakib\Desktop\Mthree-Final\backend\src\main\java\com\sakib_jeter\backend\controller\AuthController.java. Using fallback presentation compiler.
Mar 25, 2026 7:55:46 PM org.eclipse.lsp4j.jsonrpc.RemoteEndpoint handleCancellation
WARNING: Unmatched cancel notification for request id 423
2026.03.25 19:55:46 INFO  no build target found for C:\Users\Sakib\Desktop\Mthree-Final\backend\src\main\java\com\sakib_jeter\backend\controller\AuthController.java. Using fallback presentation compiler.
2026.03.25 19:55:46 INFO  no build target found for C:\Users\Sakib\Desktop\Mthree-Final\backend\src\main\java\com\sakib_jeter\backend\controller\AuthController.java. Using fallback presentation compiler.
2026.03.25 19:55:46 INFO  no build target found for C:\Users\Sakib\Desktop\Mthree-Final\backend\src\main\java\com\sakib_jeter\backend\controller\AuthController.java. Using fallback presentation compiler.
2026.03.25 19:55:46 INFO  no build target found for C:\Users\Sakib\Desktop\Mthree-Final\backend\src\main\java\com\sakib_jeter\backend\controller\AuthController.java. Using fallback presentation compiler.
2026.03.25 19:55:46 INFO  no build target found for C:\Users\Sakib\Desktop\Mthree-Final\backend\src\main\java\com\sakib_jeter\backend\controller\AuthController.java. Using fallback presentation compiler.
2026.03.25 19:55:46 INFO  no build target found for C:\Users\Sakib\Desktop\Mthree-Final\backend\src\main\java\com\sakib_jeter\backend\controller\AuthController.java. Using fallback presentation compiler.
2026.03.25 19:55:46 INFO  no build target found for C:\Users\Sakib\Desktop\Mthree-Final\backend\src\main\java\com\sakib_jeter\backend\controller\AuthController.java. Using fallback presentation compiler.
2026.03.25 19:55:46 INFO  no build target found for C:\Users\Sakib\Desktop\Mthree-Final\backend\src\main\java\com\sakib_jeter\backend\controller\AuthController.java. Using fallback presentation compiler.
2026.03.25 19:55:47 INFO  no build target found for C:\Users\Sakib\Desktop\Mthree-Final\backend\src\main\java\com\sakib_jeter\backend\controller\AuthController.java. Using fallback presentation compiler.
2026.03.25 19:55:47 INFO  no build target found for C:\Users\Sakib\Desktop\Mthree-Final\backend\src\main\java\com\sakib_jeter\backend\controller\AuthController.java. Using fallback presentation compiler.
2026.03.25 19:55:47 INFO  no build target found for C:\Users\Sakib\Desktop\Mthree-Final\backend\src\main\java\com\sakib_jeter\backend\controller\AuthController.java. Using fallback presentation compiler.
2026.03.25 19:55:46 INFO  no build target found for C:\Users\Sakib\Desktop\Mthree-Final\backend\src\main\java\com\sakib_jeter\backend\controller\AuthController.java. Using fallback presentation compiler.
2026.03.25 19:55:48 WARN  no build target for: C:\Users\Sakib\Desktop\Mthree-Final\backend\src\main\java\com\sakib_jeter\backend\controller\AuthController.java
2026.03.25 19:55:48 INFO  no build target found for C:\Users\Sakib\Desktop\Mthree-Final\backend\src\main\java\com\sakib_jeter\backend\controller\AuthController.java. Using fallback presentation compiler.
2026.03.25 19:55:49 INFO  no build target found for C:\Users\Sakib\Desktop\Mthree-Final\backend\src\main\java\com\sakib_jeter\backend\controller\AuthController.java. Using fallback presentation compiler.
2026.03.25 19:55:49 INFO  no build target found for C:\Users\Sakib\Desktop\Mthree-Final\backend\src\main\java\com\sakib_jeter\backend\controller\AuthController.java. Using fallback presentation compiler.
2026.03.25 19:55:49 INFO  no build target found for C:\Users\Sakib\Desktop\Mthree-Final\backend\src\main\java\com\sakib_jeter\backend\controller\AuthController.java. Using fallback presentation compiler.
2026.03.25 19:55:49 INFO  no build target found for C:\Users\Sakib\Desktop\Mthree-Final\backend\src\main\java\com\sakib_jeter\backend\controller\AuthController.java. Using fallback presentation compiler.
2026.03.25 19:55:49 INFO  no build target found for C:\Users\Sakib\Desktop\Mthree-Final\backend\src\main\java\com\sakib_jeter\backend\controller\AuthController.java. Using fallback presentation compiler.
2026.03.25 19:55:50 INFO  no build target found for C:\Users\Sakib\Desktop\Mthree-Final\backend\src\main\java\com\sakib_jeter\backend\controller\AuthController.java. Using fallback presentation compiler.
2026.03.25 19:55:50 INFO  no build target found for C:\Users\Sakib\Desktop\Mthree-Final\backend\src\main\java\com\sakib_jeter\backend\controller\AuthController.java. Using fallback presentation compiler.
2026.03.25 19:55:50 INFO  no build target found for C:\Users\Sakib\Desktop\Mthree-Final\backend\src\main\java\com\sakib_jeter\backend\controller\AuthController.java. Using fallback presentation compiler.
2026.03.25 19:55:50 INFO  no build target found for C:\Users\Sakib\Desktop\Mthree-Final\backend\src\main\java\com\sakib_jeter\backend\controller\AuthController.java. Using fallback presentation compiler.
2026.03.25 19:55:51 WARN  no build target for: C:\Users\Sakib\Desktop\Mthree-Final\backend\src\main\java\com\sakib_jeter\backend\controller\AuthController.java
2026.03.25 19:55:51 INFO  no build target found for C:\Users\Sakib\Desktop\Mthree-Final\backend\src\main\java\com\sakib_jeter\backend\controller\AuthController.java. Using fallback presentation compiler.
2026.03.25 19:55:51 INFO  no build target found for C:\Users\Sakib\Desktop\Mthree-Final\backend\src\main\java\com\sakib_jeter\backend\controller\AuthController.java. Using fallback presentation compiler.
2026.03.25 19:55:51 INFO  no build target found for C:\Users\Sakib\Desktop\Mthree-Final\backend\src\main\java\com\sakib_jeter\backend\controller\AuthController.java. Using fallback presentation compiler.
2026.03.25 19:55:52 INFO  no build target found for C:\Users\Sakib\Desktop\Mthree-Final\backend\src\main\java\com\sakib_jeter\backend\controller\AuthController.java. Using fallback presentation compiler.
2026.03.25 19:55:52 INFO  no build target found for C:\Users\Sakib\Desktop\Mthree-Final\backend\src\main\java\com\sakib_jeter\backend\controller\AuthController.java. Using fallback presentation compiler.
2026.03.25 19:55:52 INFO  no build target found for C:\Users\Sakib\Desktop\Mthree-Final\backend\src\main\java\com\sakib_jeter\backend\controller\AuthController.java. Using fallback presentation compiler.
2026.03.25 19:55:52 INFO  no build target found for C:\Users\Sakib\Desktop\Mthree-Final\backend\src\main\java\com\sakib_jeter\backend\controller\AuthController.java. Using fallback presentation compiler.
2026.03.25 19:55:54 INFO  no build target found for C:\Users\Sakib\Desktop\Mthree-Final\backend\src\main\java\com\sakib_jeter\backend\controller\AuthController.java. Using fallback presentation compiler.
2026.03.25 19:55:54 INFO  no build target found for C:\Users\Sakib\Desktop\Mthree-Final\backend\src\main\java\com\sakib_jeter\backend\controller\AuthController.java. Using fallback presentation compiler.
2026.03.25 19:55:54 INFO  no build target found for C:\Users\Sakib\Desktop\Mthree-Final\backend\src\main\java\com\sakib_jeter\backend\controller\AuthController.java. Using fallback presentation compiler.
2026.03.25 19:55:54 INFO  no build target found for C:\Users\Sakib\Desktop\Mthree-Final\backend\src\main\java\com\sakib_jeter\backend\controller\AuthController.java. Using fallback presentation compiler.
2026.03.25 19:55:54 INFO  no build target found for C:\Users\Sakib\Desktop\Mthree-Final\backend\src\main\java\com\sakib_jeter\backend\controller\AuthController.java. Using fallback presentation compiler.
2026.03.25 19:55:54 INFO  no build target found for C:\Users\Sakib\Desktop\Mthree-Final\backend\src\main\java\com\sakib_jeter\backend\controller\AuthController.java. Using fallback presentation compiler.
2026.03.25 19:55:54 INFO  no build target found for C:\Users\Sakib\Desktop\Mthree-Final\backend\src\main\java\com\sakib_jeter\backend\controller\AuthController.java. Using fallback presentation compiler.
2026.03.25 19:55:55 WARN  no build target for: C:\Users\Sakib\Desktop\Mthree-Final\backend\src\main\java\com\sakib_jeter\backend\controller\AuthController.java
2026.03.25 19:55:55 INFO  no build target found for C:\Users\Sakib\Desktop\Mthree-Final\backend\src\main\java\com\sakib_jeter\backend\controller\AuthController.java. Using fallback presentation compiler.
2026.03.25 19:55:55 INFO  no build target found for C:\Users\Sakib\Desktop\Mthree-Final\backend\src\main\java\com\sakib_jeter\backend\controller\AuthController.java. Using fallback presentation compiler.
2026.03.25 19:55:55 INFO  no build target found for C:\Users\Sakib\Desktop\Mthree-Final\backend\src\main\java\com\sakib_jeter\backend\controller\AuthController.java. Using fallback presentation compiler.
2026.03.25 19:55:57 INFO  no build target found for C:\Users\Sakib\Desktop\Mthree-Final\backend\src\main\java\com\sakib_jeter\backend\controller\AuthController.java. Using fallback presentation compiler.
2026.03.25 19:55:57 INFO  no build target found for C:\Users\Sakib\Desktop\Mthree-Final\backend\src\main\java\com\sakib_jeter\backend\controller\AuthController.java. Using fallback presentation compiler.
2026.03.25 19:55:57 INFO  no build target found for C:\Users\Sakib\Desktop\Mthree-Final\backend\src\main\java\com\sakib_jeter\backend\controller\AuthController.java. Using fallback presentation compiler.
2026.03.25 19:55:57 INFO  no build target found for C:\Users\Sakib\Desktop\Mthree-Final\backend\src\main\java\com\sakib_jeter\backend\controller\AuthController.java. Using fallback presentation compiler.
2026.03.25 19:55:57 INFO  no build target found for C:\Users\Sakib\Desktop\Mthree-Final\backend\src\main\java\com\sakib_jeter\backend\controller\AuthController.java. Using fallback presentation compiler.
2026.03.25 19:55:58 INFO  no build target found for C:\Users\Sakib\Desktop\Mthree-Final\backend\src\main\java\com\sakib_jeter\backend\controller\AuthController.java. Using fallback presentation compiler.
2026.03.25 19:55:58 INFO  no build target found for C:\Users\Sakib\Desktop\Mthree-Final\backend\src\main\java\com\sakib_jeter\backend\controller\AuthController.java. Using fallback presentation compiler.
2026.03.25 19:55:57 INFO  no build target found for C:\Users\Sakib\Desktop\Mthree-Final\backend\src\main\java\com\sakib_jeter\backend\controller\AuthController.java. Using fallback presentation compiler.
2026.03.25 19:55:58 INFO  no build target found for C:\Users\Sakib\Desktop\Mthree-Final\backend\src\main\java\com\sakib_jeter\backend\controller\AuthController.java. Using fallback presentation compiler.
2026.03.25 19:55:58 INFO  no build target found for C:\Users\Sakib\Desktop\Mthree-Final\backend\src\main\java\com\sakib_jeter\backend\controller\AuthController.java. Using fallback presentation compiler.
2026.03.25 19:55:58 INFO  no build target found for C:\Users\Sakib\Desktop\Mthree-Final\backend\src\main\java\com\sakib_jeter\backend\controller\AuthController.java. Using fallback presentation compiler.
2026.03.25 19:55:59 INFO  no build target found for C:\Users\Sakib\Desktop\Mthree-Final\backend\src\main\java\com\sakib_jeter\backend\controller\AuthController.java. Using fallback presentation compiler.
2026.03.25 19:55:59 INFO  no build target found for C:\Users\Sakib\Desktop\Mthree-Final\backend\src\main\java\com\sakib_jeter\backend\controller\AuthController.java. Using fallback presentation compiler.
2026.03.25 19:55:58 INFO  no build target found for C:\Users\Sakib\Desktop\Mthree-Final\backend\src\main\java\com\sakib_jeter\backend\controller\AuthController.java. Using fallback presentation compiler.
2026.03.25 19:56:00 WARN  no build target for: C:\Users\Sakib\Desktop\Mthree-Final\backend\src\main\java\com\sakib_jeter\backend\controller\AuthController.java
2026.03.25 19:56:00 INFO  no build target found for C:\Users\Sakib\Desktop\Mthree-Final\backend\src\main\java\com\sakib_jeter\backend\controller\AuthController.java. Using fallback presentation compiler.
2026.03.25 19:56:00 INFO  no build target found for C:\Users\Sakib\Desktop\Mthree-Final\backend\src\main\java\com\sakib_jeter\backend\controller\AuthController.java. Using fallback presentation compiler.
2026.03.25 19:56:00 INFO  no build target found for C:\Users\Sakib\Desktop\Mthree-Final\backend\src\main\java\com\sakib_jeter\backend\controller\AuthController.java. Using fallback presentation compiler.
2026.03.25 19:56:00 INFO  no build target found for C:\Users\Sakib\Desktop\Mthree-Final\backend\src\main\java\com\sakib_jeter\backend\controller\AuthController.java. Using fallback presentation compiler.
2026.03.25 19:56:01 INFO  no build target found for C:\Users\Sakib\Desktop\Mthree-Final\backend\src\main\java\com\sakib_jeter\backend\controller\AuthController.java. Using fallback presentation compiler.
2026.03.25 19:56:01 INFO  no build target found for C:\Users\Sakib\Desktop\Mthree-Final\backend\src\main\java\com\sakib_jeter\backend\controller\AuthController.java. Using fallback presentation compiler.
2026.03.25 19:56:01 INFO  no build target found for C:\Users\Sakib\Desktop\Mthree-Final\backend\src\main\java\com\sakib_jeter\backend\controller\AuthController.java. Using fallback presentation compiler.
2026.03.25 19:56:01 INFO  no build target found for C:\Users\Sakib\Desktop\Mthree-Final\backend\src\main\java\com\sakib_jeter\backend\controller\AuthController.java. Using fallback presentation compiler.
2026.03.25 19:56:01 INFO  no build target found for C:\Users\Sakib\Desktop\Mthree-Final\backend\src\main\java\com\sakib_jeter\backend\controller\AuthController.java. Using fallback presentation compiler.
2026.03.25 19:59:54 INFO  no build target found for C:\Users\Sakib\Desktop\Mthree-Final\backend\src\main\java\com\sakib_jeter\backend\config\SecurityConfig.java. Using fallback presentation compiler.
2026.03.25 19:59:54 WARN  no build target for: C:\Users\Sakib\Desktop\Mthree-Final\backend\src\main\java\com\sakib_jeter\backend\config\SecurityConfig.java
2026.03.25 19:59:54 INFO  no build target found for C:\Users\Sakib\Desktop\Mthree-Final\backend\src\main\java\com\sakib_jeter\backend\config\SecurityConfig.java. Using fallback presentation compiler.
2026.03.25 19:59:54 INFO  no build target found for C:\Users\Sakib\Desktop\Mthree-Final\backend\src\main\java\com\sakib_jeter\backend\config\SecurityConfig.java. Using fallback presentation compiler.
2026.03.25 19:59:54 INFO  no build target found for C:\Users\Sakib\Desktop\Mthree-Final\backend\src\main\java\com\sakib_jeter\backend\config\SecurityConfig.java. Using fallback presentation compiler.
2026.03.25 19:59:54 INFO  no build target found for C:\Users\Sakib\Desktop\Mthree-Final\backend\src\main\java\com\sakib_jeter\backend\config\SecurityConfig.java. Using fallback presentation compiler.
2026.03.25 19:59:54 INFO  no build target found for C:\Users\Sakib\Desktop\Mthree-Final\backend\src\main\java\com\sakib_jeter\backend\config\SecurityConfig.java. Using fallback presentation compiler.
2026.03.25 19:59:54 INFO  no build target found for C:\Users\Sakib\Desktop\Mthree-Final\backend\src\main\java\com\sakib_jeter\backend\config\SecurityConfig.java. Using fallback presentation compiler.
2026.03.25 20:00:01 INFO  no build target found for C:\Users\Sakib\Desktop\Mthree-Final\backend\src\main\java\com\sakib_jeter\backend\config\SecurityConfig.java. Using fallback presentation compiler.
2026.03.25 20:00:01 INFO  no build target found for C:\Users\Sakib\Desktop\Mthree-Final\backend\src\main\java\com\sakib_jeter\backend\config\SecurityConfig.java. Using fallback presentation compiler.
2026.03.25 20:00:01 INFO  no build target found for C:\Users\Sakib\Desktop\Mthree-Final\backend\src\main\java\com\sakib_jeter\backend\config\SecurityConfig.java. Using fallback presentation compiler.
2026.03.25 20:00:03 INFO  no build target found for C:\Users\Sakib\Desktop\Mthree-Final\backend\src\main\java\com\sakib_jeter\backend\config\SecurityConfig.java. Using fallback presentation compiler.
2026.03.25 20:00:03 INFO  no build target found for C:\Users\Sakib\Desktop\Mthree-Final\backend\src\main\java\com\sakib_jeter\backend\config\SecurityConfig.java. Using fallback presentation compiler.
2026.03.25 20:00:03 INFO  no build target found for C:\Users\Sakib\Desktop\Mthree-Final\backend\src\main\java\com\sakib_jeter\backend\config\SecurityConfig.java. Using fallback presentation compiler.
2026.03.25 20:00:03 INFO  no build target found for C:\Users\Sakib\Desktop\Mthree-Final\backend\src\main\java\com\sakib_jeter\backend\config\SecurityConfig.java. Using fallback presentation compiler.
2026.03.25 20:00:11 INFO  no build target found for C:\Users\Sakib\Desktop\Mthree-Final\backend\src\main\java\com\sakib_jeter\backend\config\SecurityConfig.java. Using fallback presentation compiler.
2026.03.25 20:00:14 INFO  no build target found for C:\Users\Sakib\Desktop\Mthree-Final\backend\src\main\java\com\sakib_jeter\backend\config\SecurityConfig.java. Using fallback presentation compiler.
2026.03.25 20:00:15 INFO  no build target found for C:\Users\Sakib\Desktop\Mthree-Final\backend\src\main\java\com\sakib_jeter\backend\config\SecurityConfig.java. Using fallback presentation compiler.
2026.03.25 20:00:15 INFO  no build target found for C:\Users\Sakib\Desktop\Mthree-Final\backend\src\main\java\com\sakib_jeter\backend\config\SecurityConfig.java. Using fallback presentation compiler.
2026.03.25 20:00:15 INFO  no build target found for C:\Users\Sakib\Desktop\Mthree-Final\backend\src\main\java\com\sakib_jeter\backend\config\SecurityConfig.java. Using fallback presentation compiler.
2026.03.25 20:00:15 INFO  no build target found for C:\Users\Sakib\Desktop\Mthree-Final\backend\src\main\java\com\sakib_jeter\backend\config\SecurityConfig.java. Using fallback presentation compiler.
2026.03.25 20:00:15 INFO  no build target found for C:\Users\Sakib\Desktop\Mthree-Final\backend\src\main\java\com\sakib_jeter\backend\config\SecurityConfig.java. Using fallback presentation compiler.
2026.03.25 20:00:15 INFO  no build target found for C:\Users\Sakib\Desktop\Mthree-Final\backend\src\main\java\com\sakib_jeter\backend\config\SecurityConfig.java. Using fallback presentation compiler.
2026.03.25 20:00:15 INFO  no build target found for C:\Users\Sakib\Desktop\Mthree-Final\backend\src\main\java\com\sakib_jeter\backend\config\SecurityConfig.java. Using fallback presentation compiler.
2026.03.25 20:00:15 INFO  no build target found for C:\Users\Sakib\Desktop\Mthree-Final\backend\src\main\java\com\sakib_jeter\backend\config\SecurityConfig.java. Using fallback presentation compiler.
2026.03.25 20:00:15 INFO  no build target found for C:\Users\Sakib\Desktop\Mthree-Final\backend\src\main\java\com\sakib_jeter\backend\config\SecurityConfig.java. Using fallback presentation compiler.
2026.03.25 20:00:18 INFO  no build target found for C:\Users\Sakib\Desktop\Mthree-Final\backend\src\main\java\com\sakib_jeter\backend\config\SecurityConfig.java. Using fallback presentation compiler.
2026.03.25 20:00:20 INFO  no build target found for C:\Users\Sakib\Desktop\Mthree-Final\backend\src\main\java\com\sakib_jeter\backend\config\SecurityConfig.java. Using fallback presentation compiler.
2026.03.25 20:00:20 INFO  no build target found for C:\Users\Sakib\Desktop\Mthree-Final\backend\src\main\java\com\sakib_jeter\backend\config\SecurityConfig.java. Using fallback presentation compiler.
2026.03.25 20:06:29 INFO  no build target found for C:\Users\Sakib\Desktop\Mthree-Final\backend\src\main\java\com\sakib_jeter\backend\service\SignupService.java. Using fallback presentation compiler.
2026.03.25 20:06:29 INFO  no build target found for C:\Users\Sakib\Desktop\Mthree-Final\backend\src\main\java\com\sakib_jeter\backend\service\SignupService.java. Using fallback presentation compiler.
2026.03.25 20:06:29 INFO  no build target found for C:\Users\Sakib\Desktop\Mthree-Final\backend\src\main\java\com\sakib_jeter\backend\service\SignupService.java. Using fallback presentation compiler.
2026.03.25 20:06:29 INFO  no build target found for C:\Users\Sakib\Desktop\Mthree-Final\backend\src\main\java\com\sakib_jeter\backend\service\SignupService.java. Using fallback presentation compiler.
2026.03.25 20:06:29 INFO  no build target found for C:\Users\Sakib\Desktop\Mthree-Final\backend\src\main\java\com\sakib_jeter\backend\service\SignupService.java. Using fallback presentation compiler.
2026.03.25 20:06:34 INFO  no build target found for C:\Users\Sakib\Desktop\Mthree-Final\backend\src\main\java\com\sakib_jeter\backend\service\SignupService.java. Using fallback presentation compiler.
2026.03.25 20:06:42 INFO  no build target found for C:\Users\Sakib\Desktop\Mthree-Final\backend\src\main\java\com\sakib_jeter\backend\service\MarketService.java. Using fallback presentation compiler.
2026.03.25 20:06:42 INFO  no build target found for C:\Users\Sakib\Desktop\Mthree-Final\backend\src\main\java\com\sakib_jeter\backend\service\MarketService.java. Using fallback presentation compiler.
2026.03.25 20:06:42 INFO  no build target found for C:\Users\Sakib\Desktop\Mthree-Final\backend\src\main\java\com\sakib_jeter\backend\service\MarketService.java. Using fallback presentation compiler.
2026.03.25 20:06:42 INFO  no build target found for C:\Users\Sakib\Desktop\Mthree-Final\backend\src\main\java\com\sakib_jeter\backend\service\MarketService.java. Using fallback presentation compiler.
2026.03.25 20:06:42 INFO  no build target found for C:\Users\Sakib\Desktop\Mthree-Final\backend\src\main\java\com\sakib_jeter\backend\service\MarketService.java. Using fallback presentation compiler.
2026.03.25 20:06:42 INFO  no build target found for C:\Users\Sakib\Desktop\Mthree-Final\backend\src\main\java\com\sakib_jeter\backend\service\MarketService.java. Using fallback presentation compiler.
2026.03.25 20:06:42 INFO  no build target found for C:\Users\Sakib\Desktop\Mthree-Final\backend\src\main\java\com\sakib_jeter\backend\service\MarketService.java. Using fallback presentation compiler.
2026.03.25 20:06:43 INFO  no build target found for C:\Users\Sakib\Desktop\Mthree-Final\backend\src\main\java\com\sakib_jeter\backend\service\MarketService.java. Using fallback presentation compiler.
2026.03.25 20:06:43 INFO  no build target found for C:\Users\Sakib\Desktop\Mthree-Final\backend\src\main\java\com\sakib_jeter\backend\service\MarketService.java. Using fallback presentation compiler.
2026.03.25 20:06:46 INFO  no build target found for C:\Users\Sakib\Desktop\Mthree-Final\backend\src\main\java\com\sakib_jeter\backend\service\MarketService.java. Using fallback presentation compiler.
2026.03.25 20:06:50 INFO  no build target found for C:\Users\Sakib\Desktop\Mthree-Final\backend\src\main\java\com\sakib_jeter\backend\service\MarketService.java. Using fallback presentation compiler.
2026.03.25 20:06:50 INFO  no build target found for C:\Users\Sakib\Desktop\Mthree-Final\backend\src\main\java\com\sakib_jeter\backend\service\MarketService.java. Using fallback presentation compiler.
2026.03.25 20:06:51 INFO  no build target found for C:\Users\Sakib\Desktop\Mthree-Final\backend\src\main\java\com\sakib_jeter\backend\service\MarketService.java. Using fallback presentation compiler.
2026.03.25 20:06:51 INFO  no build target found for C:\Users\Sakib\Desktop\Mthree-Final\backend\src\main\java\com\sakib_jeter\backend\service\MarketService.java. Using fallback presentation compiler.
2026.03.25 20:06:53 INFO  no build target found for C:\Users\Sakib\Desktop\Mthree-Final\backend\src\main\java\com\sakib_jeter\backend\service\MarketService.java. Using fallback presentation compiler.
2026.03.25 20:07:01 INFO  no build target found for C:\Users\Sakib\Desktop\Mthree-Final\backend\src\main\java\com\sakib_jeter\backend\service\MarketService.java. Using fallback presentation compiler.
2026.03.25 20:07:02 INFO  no build target found for C:\Users\Sakib\Desktop\Mthree-Final\backend\src\main\java\com\sakib_jeter\backend\service\MarketService.java. Using fallback presentation compiler.
2026.03.25 20:07:02 INFO  no build target found for C:\Users\Sakib\Desktop\Mthree-Final\backend\src\main\java\com\sakib_jeter\backend\service\MarketService.java. Using fallback presentation compiler.
2026.03.25 20:07:18 INFO  no build target found for C:\Users\Sakib\Desktop\Mthree-Final\backend\src\main\java\com\sakib_jeter\backend\service\MarketService.java. Using fallback presentation compiler.
2026.03.25 20:07:18 INFO  no build target found for C:\Users\Sakib\Desktop\Mthree-Final\backend\src\main\java\com\sakib_jeter\backend\service\JwtService.java. Using fallback presentation compiler.
2026.03.25 20:07:18 INFO  no build target found for C:\Users\Sakib\Desktop\Mthree-Final\backend\src\main\java\com\sakib_jeter\backend\service\JwtService.java. Using fallback presentation compiler.
2026.03.25 20:07:18 INFO  no build target found for C:\Users\Sakib\Desktop\Mthree-Final\backend\src\main\java\com\sakib_jeter\backend\service\JwtService.java. Using fallback presentation compiler.
2026.03.25 20:07:18 INFO  no build target found for C:\Users\Sakib\Desktop\Mthree-Final\backend\src\main\java\com\sakib_jeter\backend\service\JwtService.java. Using fallback presentation compiler.
2026.03.25 20:07:18 INFO  no build target found for C:\Users\Sakib\Desktop\Mthree-Final\backend\src\main\java\com\sakib_jeter\backend\service\JwtService.java. Using fallback presentation compiler.
2026.03.25 20:07:27 INFO  no build target found for C:\Users\Sakib\Desktop\Mthree-Final\backend\src\main\java\com\sakib_jeter\backend\service\JwtService.java. Using fallback presentation compiler.
2026.03.25 20:07:40 INFO  no build target found for C:\Users\Sakib\Desktop\Mthree-Final\backend\src\main\java\com\sakib_jeter\backend\service\JwtService.java. Using fallback presentation compiler.
2026.03.25 20:07:40 INFO  no build target found for C:\Users\Sakib\Desktop\Mthree-Final\backend\src\main\java\com\sakib_jeter\backend\service\JwtService.java. Using fallback presentation compiler.
2026.03.25 20:07:40 INFO  no build target found for C:\Users\Sakib\Desktop\Mthree-Final\backend\src\main\java\com\sakib_jeter\backend\service\JwtService.java. Using fallback presentation compiler.
2026.03.25 20:08:06 INFO  no build target found for C:\Users\Sakib\Desktop\Mthree-Final\backend\src\main\java\com\sakib_jeter\backend\service\JwtService.java. Using fallback presentation compiler.
2026.03.25 20:08:11 INFO  no build target found for C:\Users\Sakib\Desktop\Mthree-Final\backend\src\main\java\com\sakib_jeter\backend\service\JwtService.java. Using fallback presentation compiler.
2026.03.25 20:08:11 INFO  no build target found for C:\Users\Sakib\Desktop\Mthree-Final\backend\src\main\java\com\sakib_jeter\backend\controller\AccountController.java. Using fallback presentation compiler.
2026.03.25 20:08:11 INFO  no build target found for C:\Users\Sakib\Desktop\Mthree-Final\backend\src\main\java\com\sakib_jeter\backend\controller\AccountController.java. Using fallback presentation compiler.
Mar 25, 2026 8:08:11 PM org.eclipse.lsp4j.jsonrpc.RemoteEndpoint handleCancellation
WARNING: Unmatched cancel notification for request id 575
2026.03.25 20:08:11 INFO  no build target found for C:\Users\Sakib\Desktop\Mthree-Final\backend\src\main\java\com\sakib_jeter\backend\controller\AccountController.java. Using fallback presentation compiler.
2026.03.25 20:08:11 INFO  no build target found for C:\Users\Sakib\Desktop\Mthree-Final\backend\src\main\java\com\sakib_jeter\backend\controller\AccountController.java. Using fallback presentation compiler.
2026.03.25 20:08:13 INFO  no build target found for C:\Users\Sakib\Desktop\Mthree-Final\backend\src\main\java\com\sakib_jeter\backend\controller\AccountController.java. Using fallback presentation compiler.
2026.03.25 20:08:13 INFO  no build target found for C:\Users\Sakib\Desktop\Mthree-Final\backend\src\main\java\com\sakib_jeter\backend\controller\BackendController.java. Using fallback presentation compiler.
2026.03.25 20:08:13 INFO  no build target found for C:\Users\Sakib\Desktop\Mthree-Final\backend\src\main\java\com\sakib_jeter\backend\controller\BackendController.java. Using fallback presentation compiler.
2026.03.25 20:08:13 INFO  no build target found for C:\Users\Sakib\Desktop\Mthree-Final\backend\src\main\java\com\sakib_jeter\backend\controller\BackendController.java. Using fallback presentation compiler.
2026.03.25 20:08:13 INFO  no build target found for C:\Users\Sakib\Desktop\Mthree-Final\backend\src\main\java\com\sakib_jeter\backend\controller\AuthController.java. Using fallback presentation compiler.
2026.03.25 20:08:14 WARN  no build target for: C:\Users\Sakib\Desktop\Mthree-Final\backend\src\main\java\com\sakib_jeter\backend\controller\AuthController.java
2026.03.25 20:08:14 INFO  no build target found for C:\Users\Sakib\Desktop\Mthree-Final\backend\src\main\java\com\sakib_jeter\backend\controller\AuthController.java. Using fallback presentation compiler.
2026.03.25 20:08:14 INFO  no build target found for C:\Users\Sakib\Desktop\Mthree-Final\backend\src\main\java\com\sakib_jeter\backend\controller\BackendController.java. Using fallback presentation compiler.
2026.03.25 20:08:14 INFO  no build target found for C:\Users\Sakib\Desktop\Mthree-Final\backend\src\main\java\com\sakib_jeter\backend\controller\HoldingController.java. Using fallback presentation compiler.
2026.03.25 20:08:14 INFO  no build target found for C:\Users\Sakib\Desktop\Mthree-Final\backend\src\main\java\com\sakib_jeter\backend\controller\HoldingController.java. Using fallback presentation compiler.
2026.03.25 20:08:14 INFO  no build target found for C:\Users\Sakib\Desktop\Mthree-Final\backend\src\main\java\com\sakib_jeter\backend\controller\HoldingController.java. Using fallback presentation compiler.
2026.03.25 20:08:14 INFO  no build target found for C:\Users\Sakib\Desktop\Mthree-Final\backend\src\main\java\com\sakib_jeter\backend\controller\MarketController.java. Using fallback presentation compiler.
2026.03.25 20:08:15 INFO  no build target found for C:\Users\Sakib\Desktop\Mthree-Final\backend\src\main\java\com\sakib_jeter\backend\controller\MarketController.java. Using fallback presentation compiler.
2026.03.25 20:08:14 INFO  no build target found for C:\Users\Sakib\Desktop\Mthree-Final\backend\src\main\java\com\sakib_jeter\backend\controller\MarketController.java. Using fallback presentation compiler.
2026.03.25 20:08:15 INFO  no build target found for C:\Users\Sakib\Desktop\Mthree-Final\backend\src\main\java\com\sakib_jeter\backend\controller\MarketController.java. Using fallback presentation compiler.
2026.03.25 20:08:15 INFO  no build target found for C:\Users\Sakib\Desktop\Mthree-Final\backend\src\main\java\com\sakib_jeter\backend\controller\MarketController.java. Using fallback presentation compiler.
2026.03.25 20:08:15 INFO  no build target found for C:\Users\Sakib\Desktop\Mthree-Final\backend\src\main\java\com\sakib_jeter\backend\controller\TransactionController.java. Using fallback presentation compiler.
2026.03.25 20:08:16 INFO  no build target found for C:\Users\Sakib\Desktop\Mthree-Final\backend\src\main\java\com\sakib_jeter\backend\controller\TransactionController.java. Using fallback presentation compiler.
2026.03.25 20:08:15 INFO  no build target found for C:\Users\Sakib\Desktop\Mthree-Final\backend\src\main\java\com\sakib_jeter\backend\controller\TransactionController.java. Using fallback presentation compiler.
2026.03.25 20:08:15 INFO  no build target found for C:\Users\Sakib\Desktop\Mthree-Final\backend\src\main\java\com\sakib_jeter\backend\controller\MarketController.java. Using fallback presentation compiler.
2026.03.25 20:08:16 INFO  no build target found for C:\Users\Sakib\Desktop\Mthree-Final\backend\src\main\java\com\sakib_jeter\backend\controller\MarketController.java. Using fallback presentation compiler.
2026.03.25 20:08:15 INFO  no build target found for C:\Users\Sakib\Desktop\Mthree-Final\backend\src\main\java\com\sakib_jeter\backend\controller\MarketController.java. Using fallback presentation compiler.
2026.03.25 20:08:17 INFO  no build target found for C:\Users\Sakib\Desktop\Mthree-Final\backend\src\main\java\com\sakib_jeter\backend\controller\MarketController.java. Using fallback presentation compiler.
2026.03.25 20:08:17 INFO  no build target found for C:\Users\Sakib\Desktop\Mthree-Final\backend\src\main\java\com\sakib_jeter\backend\controller\MarketController.java. Using fallback presentation compiler.
2026.03.25 20:08:17 INFO  no build target found for C:\Users\Sakib\Desktop\Mthree-Final\backend\src\main\java\com\sakib_jeter\backend\controller\MarketController.java. Using fallback presentation compiler.
2026.03.25 20:08:19 INFO  no build target found for C:\Users\Sakib\Desktop\Mthree-Final\backend\src\main\java\com\sakib_jeter\backend\controller\MarketController.java. Using fallback presentation compiler.
2026.03.25 20:08:24 INFO  no build target found for C:\Users\Sakib\Desktop\Mthree-Final\backend\src\main\java\com\sakib_jeter\backend\controller\MarketController.java. Using fallback presentation compiler.
2026.03.25 20:08:24 INFO  no build target found for C:\Users\Sakib\Desktop\Mthree-Final\backend\src\main\java\com\sakib_jeter\backend\controller\TransactionController.java. Using fallback presentation compiler.
2026.03.25 20:08:24 INFO  no build target found for C:\Users\Sakib\Desktop\Mthree-Final\backend\src\main\java\com\sakib_jeter\backend\controller\TransactionController.java. Using fallback presentation compiler.
2026.03.25 20:08:26 INFO  no build target found for C:\Users\Sakib\Desktop\Mthree-Final\backend\src\main\java\com\sakib_jeter\backend\controller\TransactionController.java. Using fallback presentation compiler.
2026.03.25 20:08:26 INFO  no build target found for C:\Users\Sakib\Desktop\Mthree-Final\backend\src\main\java\com\sakib_jeter\backend\controller\TransactionController.java. Using fallback presentation compiler.
2026.03.25 20:08:30 INFO  no build target found for C:\Users\Sakib\Desktop\Mthree-Final\backend\src\main\java\com\sakib_jeter\backend\controller\TransactionController.java. Using fallback presentation compiler.
2026.03.25 20:08:30 INFO  no build target found for C:\Users\Sakib\Desktop\Mthree-Final\backend\src\main\java\com\sakib_jeter\backend\controller\UserController.java. Using fallback presentation compiler.
2026.03.25 20:08:30 INFO  no build target found for C:\Users\Sakib\Desktop\Mthree-Final\backend\src\main\java\com\sakib_jeter\backend\controller\UserController.java. Using fallback presentation compiler.
2026.03.25 20:08:30 INFO  no build target found for C:\Users\Sakib\Desktop\Mthree-Final\backend\src\main\java\com\sakib_jeter\backend\controller\UserController.java. Using fallback presentation compiler.
2026.03.25 20:08:30 INFO  no build target found for C:\Users\Sakib\Desktop\Mthree-Final\backend\src\main\java\com\sakib_jeter\backend\controller\WatchlistController.java. Using fallback presentation compiler.
2026.03.25 20:08:31 INFO  no build target found for C:\Users\Sakib\Desktop\Mthree-Final\backend\src\main\java\com\sakib_jeter\backend\controller\WatchlistController.java. Using fallback presentation compiler.
2026.03.25 20:08:30 INFO  no build target found for C:\Users\Sakib\Desktop\Mthree-Final\backend\src\main\java\com\sakib_jeter\backend\controller\WatchlistController.java. Using fallback presentation compiler.
2026.03.25 20:08:30 INFO  no build target found for C:\Users\Sakib\Desktop\Mthree-Final\backend\src\main\java\com\sakib_jeter\backend\controller\WatchlistController.java. Using fallback presentation compiler.
2026.03.25 20:08:31 INFO  no build target found for C:\Users\Sakib\Desktop\Mthree-Final\backend\src\main\java\com\sakib_jeter\backend\controller\AuthController.java. Using fallback presentation compiler.
2026.03.25 20:08:31 WARN  no build target for: C:\Users\Sakib\Desktop\Mthree-Final\backend\src\main\java\com\sakib_jeter\backend\controller\AuthController.java
2026.03.25 20:08:31 INFO  no build target found for C:\Users\Sakib\Desktop\Mthree-Final\backend\src\main\java\com\sakib_jeter\backend\controller\AuthController.java. Using fallback presentation compiler.
2026.03.25 20:08:31 INFO  no build target found for C:\Users\Sakib\Desktop\Mthree-Final\backend\src\main\java\com\sakib_jeter\backend\controller\WatchlistController.java. Using fallback presentation compiler.
2026.03.25 20:08:31 INFO  no build target found for C:\Users\Sakib\Desktop\Mthree-Final\backend\src\main\java\com\sakib_jeter\backend\controller\AccountController.java. Using fallback presentation compiler.
2026.03.25 20:08:32 INFO  no build target found for C:\Users\Sakib\Desktop\Mthree-Final\backend\src\main\java\com\sakib_jeter\backend\controller\AccountController.java. Using fallback presentation compiler.
2026.03.25 20:08:31 INFO  no build target found for C:\Users\Sakib\Desktop\Mthree-Final\backend\src\main\java\com\sakib_jeter\backend\controller\AccountController.java. Using fallback presentation compiler.
2026.03.25 20:08:31 INFO  no build target found for C:\Users\Sakib\Desktop\Mthree-Final\backend\src\main\java\com\sakib_jeter\backend\controller\AccountController.java. Using fallback presentation compiler.
2026.03.25 20:08:33 INFO  no build target found for C:\Users\Sakib\Desktop\Mthree-Final\backend\src\main\java\com\sakib_jeter\backend\controller\AuthController.java. Using fallback presentation compiler.
2026.03.25 20:08:33 WARN  no build target for: C:\Users\Sakib\Desktop\Mthree-Final\backend\src\main\java\com\sakib_jeter\backend\controller\AuthController.java
2026.03.25 20:08:33 INFO  no build target found for C:\Users\Sakib\Desktop\Mthree-Final\backend\src\main\java\com\sakib_jeter\backend\controller\AuthController.java. Using fallback presentation compiler.
2026.03.25 20:08:37 INFO  no build target found for C:\Users\Sakib\Desktop\Mthree-Final\backend\src\main\java\com\sakib_jeter\backend\controller\AccountController.java. Using fallback presentation compiler.
2026.03.25 20:08:37 INFO  no build target found for C:\Users\Sakib\Desktop\Mthree-Final\backend\src\main\java\com\sakib_jeter\backend\dto\ChangePasswordRequest.java. Using fallback presentation compiler.
2026.03.25 20:08:37 INFO  no build target found for C:\Users\Sakib\Desktop\Mthree-Final\backend\src\main\java\com\sakib_jeter\backend\dto\ChangePasswordRequest.java. Using fallback presentation compiler.
2026.03.25 20:08:37 INFO  no build target found for C:\Users\Sakib\Desktop\Mthree-Final\backend\src\main\java\com\sakib_jeter\backend\dto\ChangePasswordRequest.java. Using fallback presentation compiler.
2026.03.25 20:08:39 INFO  no build target found for C:\Users\Sakib\Desktop\Mthree-Final\backend\src\main\java\com\sakib_jeter\backend\dto\ChangePasswordRequest.java. Using fallback presentation compiler.
2026.03.25 20:08:39 INFO  no build target found for C:\Users\Sakib\Desktop\Mthree-Final\backend\src\main\java\com\sakib_jeter\backend\entity\Account.java. Using fallback presentation compiler.
2026.03.25 20:08:39 INFO  no build target found for C:\Users\Sakib\Desktop\Mthree-Final\backend\src\main\java\com\sakib_jeter\backend\entity\Account.java. Using fallback presentation compiler.
2026.03.25 20:08:39 INFO  no build target found for C:\Users\Sakib\Desktop\Mthree-Final\backend\src\main\java\com\sakib_jeter\backend\entity\Account.java. Using fallback presentation compiler.
2026.03.25 20:08:39 INFO  no build target found for C:\Users\Sakib\Desktop\Mthree-Final\backend\src\main\java\com\sakib_jeter\backend\entity\Account.java. Using fallback presentation compiler.
2026.03.25 20:08:39 INFO  no build target found for C:\Users\Sakib\Desktop\Mthree-Final\backend\src\main\java\com\sakib_jeter\backend\entity\Account.java. Using fallback presentation compiler.
2026.03.25 20:08:40 INFO  no build target found for C:\Users\Sakib\Desktop\Mthree-Final\backend\src\main\java\com\sakib_jeter\backend\entity\Account.java. Using fallback presentation compiler.
2026.03.25 20:08:42 INFO  no build target found for C:\Users\Sakib\Desktop\Mthree-Final\backend\src\main\java\com\sakib_jeter\backend\entity\Account.java. Using fallback presentation compiler.
2026.03.25 20:08:42 INFO  no build target found for C:\Users\Sakib\Desktop\Mthree-Final\backend\src\main\java\com\sakib_jeter\backend\entity\Account.java. Using fallback presentation compiler.
2026.03.25 20:08:43 INFO  no build target found for C:\Users\Sakib\Desktop\Mthree-Final\backend\src\main\java\com\sakib_jeter\backend\entity\Account.java. Using fallback presentation compiler.
2026.03.25 20:08:43 INFO  no build target found for C:\Users\Sakib\Desktop\Mthree-Final\backend\src\main\java\com\sakib_jeter\backend\entity\Account.java. Using fallback presentation compiler.
2026.03.25 20:08:44 INFO  no build target found for C:\Users\Sakib\Desktop\Mthree-Final\backend\src\main\java\com\sakib_jeter\backend\entity\Account.java. Using fallback presentation compiler.
2026.03.25 20:08:53 INFO  no build target found for C:\Users\Sakib\Desktop\Mthree-Final\backend\src\main\java\com\sakib_jeter\backend\entity\Account.java. Using fallback presentation compiler.
2026.03.25 20:08:53 INFO  no build target found for C:\Users\Sakib\Desktop\Mthree-Final\backend\src\main\java\com\sakib_jeter\backend\entity\Backend.java. Using fallback presentation compiler.
2026.03.25 20:08:53 INFO  no build target found for C:\Users\Sakib\Desktop\Mthree-Final\backend\src\main\java\com\sakib_jeter\backend\entity\Backend.java. Using fallback presentation compiler.
2026.03.25 20:08:53 INFO  no build target found for C:\Users\Sakib\Desktop\Mthree-Final\backend\src\main\java\com\sakib_jeter\backend\entity\Backend.java. Using fallback presentation compiler.
2026.03.25 20:08:57 INFO  no build target found for C:\Users\Sakib\Desktop\Mthree-Final\backend\src\main\java\com\sakib_jeter\backend\entity\Backend.java. Using fallback presentation compiler.
2026.03.25 20:08:57 INFO  no build target found for C:\Users\Sakib\Desktop\Mthree-Final\backend\src\main\java\com\sakib_jeter\backend\entity\Holding.java. Using fallback presentation compiler.
2026.03.25 20:08:57 INFO  no build target found for C:\Users\Sakib\Desktop\Mthree-Final\backend\src\main\java\com\sakib_jeter\backend\entity\Holding.java. Using fallback presentation compiler.
2026.03.25 20:08:57 INFO  no build target found for C:\Users\Sakib\Desktop\Mthree-Final\backend\src\main\java\com\sakib_jeter\backend\entity\Holding.java. Using fallback presentation compiler.
2026.03.25 20:08:59 INFO  no build target found for C:\Users\Sakib\Desktop\Mthree-Final\backend\src\main\java\com\sakib_jeter\backend\entity\Holding.java. Using fallback presentation compiler.
2026.03.25 20:09:01 INFO  no build target found for C:\Users\Sakib\Desktop\Mthree-Final\backend\src\main\java\com\sakib_jeter\backend\entity\Holding.java. Using fallback presentation compiler.
2026.03.25 20:09:06 INFO  no build target found for C:\Users\Sakib\Desktop\Mthree-Final\backend\src\main\java\com\sakib_jeter\backend\entity\Holding.java. Using fallback presentation compiler.
2026.03.25 20:09:06 INFO  no build target found for C:\Users\Sakib\Desktop\Mthree-Final\backend\src\main\java\com\sakib_jeter\backend\entity\StockCache.java. Using fallback presentation compiler.
2026.03.25 20:09:06 INFO  no build target found for C:\Users\Sakib\Desktop\Mthree-Final\backend\src\main\java\com\sakib_jeter\backend\entity\StockCache.java. Using fallback presentation compiler.
2026.03.25 20:09:06 INFO  no build target found for C:\Users\Sakib\Desktop\Mthree-Final\backend\src\main\java\com\sakib_jeter\backend\entity\StockCache.java. Using fallback presentation compiler.
2026.03.25 20:09:07 INFO  no build target found for C:\Users\Sakib\Desktop\Mthree-Final\backend\src\main\java\com\sakib_jeter\backend\entity\StockCache.java. Using fallback presentation compiler.
2026.03.25 20:09:07 INFO  no build target found for C:\Users\Sakib\Desktop\Mthree-Final\backend\src\main\java\com\sakib_jeter\backend\entity\StockHistoryCache.java. Using fallback presentation compiler.
2026.03.25 20:09:07 INFO  no build target found for C:\Users\Sakib\Desktop\Mthree-Final\backend\src\main\java\com\sakib_jeter\backend\entity\StockHistoryCache.java. Using fallback presentation compiler.
2026.03.25 20:09:07 INFO  no build target found for C:\Users\Sakib\Desktop\Mthree-Final\backend\src\main\java\com\sakib_jeter\backend\entity\StockHistoryCache.java. Using fallback presentation compiler.
2026.03.25 20:09:07 INFO  no build target found for C:\Users\Sakib\Desktop\Mthree-Final\backend\src\main\java\com\sakib_jeter\backend\entity\StockHistoryCache.java. Using fallback presentation compiler.
2026.03.25 20:09:07 INFO  no build target found for C:\Users\Sakib\Desktop\Mthree-Final\backend\src\main\java\com\sakib_jeter\backend\entity\Transaction.java. Using fallback presentation compiler.
2026.03.25 20:09:08 INFO  no build target found for C:\Users\Sakib\Desktop\Mthree-Final\backend\src\main\java\com\sakib_jeter\backend\entity\Transaction.java. Using fallback presentation compiler.
2026.03.25 20:09:07 INFO  no build target found for C:\Users\Sakib\Desktop\Mthree-Final\backend\src\main\java\com\sakib_jeter\backend\entity\Transaction.java. Using fallback presentation compiler.
2026.03.25 20:09:08 INFO  no build target found for C:\Users\Sakib\Desktop\Mthree-Final\backend\src\main\java\com\sakib_jeter\backend\entity\Transaction.java. Using fallback presentation compiler.
2026.03.25 20:09:08 INFO  no build target found for C:\Users\Sakib\Desktop\Mthree-Final\backend\src\main\java\com\sakib_jeter\backend\entity\StockHistoryCache.java. Using fallback presentation compiler.
2026.03.25 20:09:08 INFO  no build target found for C:\Users\Sakib\Desktop\Mthree-Final\backend\src\main\java\com\sakib_jeter\backend\entity\StockHistoryCache.java. Using fallback presentation compiler.
2026.03.25 20:09:08 INFO  no build target found for C:\Users\Sakib\Desktop\Mthree-Final\backend\src\main\java\com\sakib_jeter\backend\entity\StockHistoryCache.java. Using fallback presentation compiler.
2026.03.25 20:09:08 INFO  no build target found for C:\Users\Sakib\Desktop\Mthree-Final\backend\src\main\java\com\sakib_jeter\backend\entity\StockHistoryCache.java. Using fallback presentation compiler.
2026.03.25 20:09:08 INFO  no build target found for C:\Users\Sakib\Desktop\Mthree-Final\backend\src\main\java\com\sakib_jeter\backend\entity\User.java. Using fallback presentation compiler.
2026.03.25 20:09:09 INFO  no build target found for C:\Users\Sakib\Desktop\Mthree-Final\backend\src\main\java\com\sakib_jeter\backend\entity\User.java. Using fallback presentation compiler.
2026.03.25 20:09:08 INFO  no build target found for C:\Users\Sakib\Desktop\Mthree-Final\backend\src\main\java\com\sakib_jeter\backend\entity\User.java. Using fallback presentation compiler.
2026.03.25 20:09:08 INFO  no build target found for C:\Users\Sakib\Desktop\Mthree-Final\backend\src\main\java\com\sakib_jeter\backend\entity\User.java. Using fallback presentation compiler.
2026.03.25 20:09:10 INFO  no build target found for C:\Users\Sakib\Desktop\Mthree-Final\backend\src\main\java\com\sakib_jeter\backend\entity\User.java. Using fallback presentation compiler.
2026.03.25 20:09:10 INFO  no build target found for C:\Users\Sakib\Desktop\Mthree-Final\backend\src\main\java\com\sakib_jeter\backend\entity\User.java. Using fallback presentation compiler.
2026.03.25 20:09:21 INFO  no build target found for C:\Users\Sakib\Desktop\Mthree-Final\backend\src\main\java\com\sakib_jeter\backend\entity\User.java. Using fallback presentation compiler.
2026.03.25 20:09:21 INFO  no build target found for C:\Users\Sakib\Desktop\Mthree-Final\backend\src\main\java\com\sakib_jeter\backend\entity\User.java. Using fallback presentation compiler.
2026.03.25 20:09:21 INFO  no build target found for C:\Users\Sakib\Desktop\Mthree-Final\backend\src\main\java\com\sakib_jeter\backend\entity\User.java. Using fallback presentation compiler.
2026.03.25 20:09:21 INFO  no build target found for C:\Users\Sakib\Desktop\Mthree-Final\backend\src\main\java\com\sakib_jeter\backend\entity\User.java. Using fallback presentation compiler.
2026.03.25 20:09:22 INFO  no build target found for C:\Users\Sakib\Desktop\Mthree-Final\backend\src\main\java\com\sakib_jeter\backend\entity\User.java. Using fallback presentation compiler.
2026.03.25 20:09:22 INFO  no build target found for C:\Users\Sakib\Desktop\Mthree-Final\backend\src\main\java\com\sakib_jeter\backend\entity\User.java. Using fallback presentation compiler.
2026.03.25 20:09:22 INFO  no build target found for C:\Users\Sakib\Desktop\Mthree-Final\backend\src\main\java\com\sakib_jeter\backend\entity\User.java. Using fallback presentation compiler.
2026.03.25 20:09:22 INFO  no build target found for C:\Users\Sakib\Desktop\Mthree-Final\backend\src\main\java\com\sakib_jeter\backend\entity\User.java. Using fallback presentation compiler.
2026.03.25 20:09:22 INFO  no build target found for C:\Users\Sakib\Desktop\Mthree-Final\backend\src\main\java\com\sakib_jeter\backend\entity\User.java. Using fallback presentation compiler.
2026.03.25 20:09:22 INFO  no build target found for C:\Users\Sakib\Desktop\Mthree-Final\backend\src\main\java\com\sakib_jeter\backend\entity\User.java. Using fallback presentation compiler.
2026.03.25 20:09:24 WARN  no build target for: C:\Users\Sakib\Desktop\Mthree-Final\backend\src\main\java\com\sakib_jeter\backend\entity\User.java
2026.03.25 20:09:24 INFO  no build target found for C:\Users\Sakib\Desktop\Mthree-Final\backend\src\main\java\com\sakib_jeter\backend\entity\User.java. Using fallback presentation compiler.
2026.03.25 20:09:29 INFO  no build target found for C:\Users\Sakib\Desktop\Mthree-Final\backend\src\main\java\com\sakib_jeter\backend\entity\User.java. Using fallback presentation compiler.
2026.03.25 20:09:29 INFO  no build target found for C:\Users\Sakib\Desktop\Mthree-Final\backend\src\main\java\com\sakib_jeter\backend\entity\User.java. Using fallback presentation compiler.
2026.03.25 20:09:29 INFO  no build target found for C:\Users\Sakib\Desktop\Mthree-Final\backend\src\main\java\com\sakib_jeter\backend\entity\User.java. Using fallback presentation compiler.
2026.03.25 20:09:29 INFO  no build target found for C:\Users\Sakib\Desktop\Mthree-Final\backend\src\main\java\com\sakib_jeter\backend\entity\User.java. Using fallback presentation compiler.
2026.03.25 20:09:30 WARN  no build target for: C:\Users\Sakib\Desktop\Mthree-Final\backend\src\main\java\com\sakib_jeter\backend\entity\User.java
2026.03.25 20:09:30 INFO  no build target found for C:\Users\Sakib\Desktop\Mthree-Final\backend\src\main\java\com\sakib_jeter\backend\entity\User.java. Using fallback presentation compiler.
2026.03.25 20:09:33 INFO  no build target found for C:\Users\Sakib\Desktop\Mthree-Final\backend\src\main\java\com\sakib_jeter\backend\entity\User.java. Using fallback presentation compiler.
2026.03.25 20:09:33 INFO  no build target found for C:\Users\Sakib\Desktop\Mthree-Final\backend\src\main\java\com\sakib_jeter\backend\entity\User.java. Using fallback presentation compiler.
2026.03.25 20:09:33 INFO  no build target found for C:\Users\Sakib\Desktop\Mthree-Final\backend\src\main\java\com\sakib_jeter\backend\entity\User.java. Using fallback presentation compiler.
2026.03.25 20:09:33 INFO  no build target found for C:\Users\Sakib\Desktop\Mthree-Final\backend\src\main\java\com\sakib_jeter\backend\entity\User.java. Using fallback presentation compiler.
2026.03.25 20:09:33 INFO  no build target found for C:\Users\Sakib\Desktop\Mthree-Final\backend\src\main\java\com\sakib_jeter\backend\entity\User.java. Using fallback presentation compiler.
2026.03.25 20:09:33 INFO  no build target found for C:\Users\Sakib\Desktop\Mthree-Final\backend\src\main\java\com\sakib_jeter\backend\entity\User.java. Using fallback presentation compiler.
2026.03.25 20:09:34 INFO  no build target found for C:\Users\Sakib\Desktop\Mthree-Final\backend\src\main\java\com\sakib_jeter\backend\entity\User.java. Using fallback presentation compiler.
2026.03.25 20:09:33 INFO  no build target found for C:\Users\Sakib\Desktop\Mthree-Final\backend\src\main\java\com\sakib_jeter\backend\entity\User.java. Using fallback presentation compiler.
2026.03.25 20:09:34 INFO  no build target found for C:\Users\Sakib\Desktop\Mthree-Final\backend\src\main\java\com\sakib_jeter\backend\entity\User.java. Using fallback presentation compiler.
2026.03.25 20:09:35 INFO  no build target found for C:\Users\Sakib\Desktop\Mthree-Final\backend\src\main\java\com\sakib_jeter\backend\entity\User.java. Using fallback presentation compiler.
2026.03.25 20:09:35 INFO  no build target found for C:\Users\Sakib\Desktop\Mthree-Final\backend\src\main\java\com\sakib_jeter\backend\entity\User.java. Using fallback presentation compiler.
2026.03.25 20:09:35 INFO  no build target found for C:\Users\Sakib\Desktop\Mthree-Final\backend\src\main\java\com\sakib_jeter\backend\entity\User.java. Using fallback presentation compiler.
2026.03.25 20:09:34 INFO  no build target found for C:\Users\Sakib\Desktop\Mthree-Final\backend\src\main\java\com\sakib_jeter\backend\entity\User.java. Using fallback presentation compiler.
2026.03.25 20:09:35 INFO  no build target found for C:\Users\Sakib\Desktop\Mthree-Final\backend\src\main\java\com\sakib_jeter\backend\entity\User.java. Using fallback presentation compiler.
2026.03.25 20:09:35 INFO  no build target found for C:\Users\Sakib\Desktop\Mthree-Final\backend\src\main\java\com\sakib_jeter\backend\entity\User.java. Using fallback presentation compiler.
2026.03.25 20:09:36 INFO  no build target found for C:\Users\Sakib\Desktop\Mthree-Final\backend\src\main\java\com\sakib_jeter\backend\entity\User.java. Using fallback presentation compiler.
2026.03.25 20:09:36 INFO  no build target found for C:\Users\Sakib\Desktop\Mthree-Final\backend\src\main\java\com\sakib_jeter\backend\entity\User.java. Using fallback presentation compiler.
2026.03.25 20:09:36 INFO  no build target found for C:\Users\Sakib\Desktop\Mthree-Final\backend\src\main\java\com\sakib_jeter\backend\entity\User.java. Using fallback presentation compiler.
2026.03.25 20:09:36 INFO  no build target found for C:\Users\Sakib\Desktop\Mthree-Final\backend\src\main\java\com\sakib_jeter\backend\entity\User.java. Using fallback presentation compiler.
2026.03.25 20:09:36 INFO  no build target found for C:\Users\Sakib\Desktop\Mthree-Final\backend\src\main\java\com\sakib_jeter\backend\entity\User.java. Using fallback presentation compiler.
2026.03.25 20:09:36 INFO  no build target found for C:\Users\Sakib\Desktop\Mthree-Final\backend\src\main\java\com\sakib_jeter\backend\entity\User.java. Using fallback presentation compiler.
2026.03.25 20:09:36 INFO  no build target found for C:\Users\Sakib\Desktop\Mthree-Final\backend\src\main\java\com\sakib_jeter\backend\entity\User.java. Using fallback presentation compiler.
2026.03.25 20:09:37 INFO  no build target found for C:\Users\Sakib\Desktop\Mthree-Final\backend\src\main\java\com\sakib_jeter\backend\entity\User.java. Using fallback presentation compiler.
2026.03.25 20:09:37 INFO  no build target found for C:\Users\Sakib\Desktop\Mthree-Final\backend\src\main\java\com\sakib_jeter\backend\entity\User.java. Using fallback presentation compiler.
2026.03.25 20:09:37 INFO  no build target found for C:\Users\Sakib\Desktop\Mthree-Final\backend\src\main\java\com\sakib_jeter\backend\entity\User.java. Using fallback presentation compiler.
2026.03.25 20:09:37 INFO  no build target found for C:\Users\Sakib\Desktop\Mthree-Final\backend\src\main\java\com\sakib_jeter\backend\entity\User.java. Using fallback presentation compiler.
2026.03.25 20:09:37 INFO  no build target found for C:\Users\Sakib\Desktop\Mthree-Final\backend\src\main\java\com\sakib_jeter\backend\entity\User.java. Using fallback presentation compiler.
2026.03.25 20:09:37 INFO  no build target found for C:\Users\Sakib\Desktop\Mthree-Final\backend\src\main\java\com\sakib_jeter\backend\entity\User.java. Using fallback presentation compiler.
2026.03.25 20:09:38 INFO  no build target found for C:\Users\Sakib\Desktop\Mthree-Final\backend\src\main\java\com\sakib_jeter\backend\entity\User.java. Using fallback presentation compiler.
2026.03.25 20:09:38 INFO  no build target found for C:\Users\Sakib\Desktop\Mthree-Final\backend\src\main\java\com\sakib_jeter\backend\entity\User.java. Using fallback presentation compiler.
2026.03.25 20:09:38 INFO  no build target found for C:\Users\Sakib\Desktop\Mthree-Final\backend\src\main\java\com\sakib_jeter\backend\entity\User.java. Using fallback presentation compiler.
2026.03.25 20:09:38 INFO  no build target found for C:\Users\Sakib\Desktop\Mthree-Final\backend\src\main\java\com\sakib_jeter\backend\entity\User.java. Using fallback presentation compiler.
2026.03.25 20:09:38 INFO  no build target found for C:\Users\Sakib\Desktop\Mthree-Final\backend\src\main\java\com\sakib_jeter\backend\entity\User.java. Using fallback presentation compiler.
2026.03.25 20:09:39 INFO  no build target found for C:\Users\Sakib\Desktop\Mthree-Final\backend\src\main\java\com\sakib_jeter\backend\entity\User.java. Using fallback presentation compiler.
2026.03.25 20:09:38 INFO  no build target found for C:\Users\Sakib\Desktop\Mthree-Final\backend\src\main\java\com\sakib_jeter\backend\entity\User.java. Using fallback presentation compiler.
2026.03.25 20:09:39 INFO  no build target found for C:\Users\Sakib\Desktop\Mthree-Final\backend\src\main\java\com\sakib_jeter\backend\entity\User.java. Using fallback presentation compiler.
2026.03.25 20:09:39 INFO  no build target found for C:\Users\Sakib\Desktop\Mthree-Final\backend\src\main\java\com\sakib_jeter\backend\entity\User.java. Using fallback presentation compiler.
2026.03.25 20:09:39 INFO  no build target found for C:\Users\Sakib\Desktop\Mthree-Final\backend\src\main\java\com\sakib_jeter\backend\entity\User.java. Using fallback presentation compiler.
2026.03.25 20:09:39 INFO  no build target found for C:\Users\Sakib\Desktop\Mthree-Final\backend\src\main\java\com\sakib_jeter\backend\entity\User.java. Using fallback presentation compiler.
2026.03.25 20:09:39 INFO  no build target found for C:\Users\Sakib\Desktop\Mthree-Final\backend\src\main\java\com\sakib_jeter\backend\entity\User.java. Using fallback presentation compiler.
2026.03.25 20:09:39 INFO  no build target found for C:\Users\Sakib\Desktop\Mthree-Final\backend\src\main\java\com\sakib_jeter\backend\entity\User.java. Using fallback presentation compiler.
2026.03.25 20:09:40 INFO  no build target found for C:\Users\Sakib\Desktop\Mthree-Final\backend\src\main\java\com\sakib_jeter\backend\entity\User.java. Using fallback presentation compiler.
2026.03.25 20:09:39 INFO  no build target found for C:\Users\Sakib\Desktop\Mthree-Final\backend\src\main\java\com\sakib_jeter\backend\entity\User.java. Using fallback presentation compiler.
2026.03.25 20:09:41 INFO  no build target found for C:\Users\Sakib\Desktop\Mthree-Final\backend\src\main\java\com\sakib_jeter\backend\entity\User.java. Using fallback presentation compiler.
2026.03.25 20:09:41 INFO  no build target found for C:\Users\Sakib\Desktop\Mthree-Final\backend\src\main\java\com\sakib_jeter\backend\entity\User.java. Using fallback presentation compiler.
2026.03.25 20:09:41 INFO  no build target found for C:\Users\Sakib\Desktop\Mthree-Final\backend\src\main\java\com\sakib_jeter\backend\entity\User.java. Using fallback presentation compiler.
2026.03.25 20:09:40 INFO  no build target found for C:\Users\Sakib\Desktop\Mthree-Final\backend\src\main\java\com\sakib_jeter\backend\entity\User.java. Using fallback presentation compiler.
2026.03.25 20:09:41 INFO  no build target found for C:\Users\Sakib\Desktop\Mthree-Final\backend\src\main\java\com\sakib_jeter\backend\entity\User.java. Using fallback presentation compiler.
2026.03.25 20:09:41 INFO  no build target found for C:\Users\Sakib\Desktop\Mthree-Final\backend\src\main\java\com\sakib_jeter\backend\entity\User.java. Using fallback presentation compiler.
2026.03.25 20:09:41 INFO  no build target found for C:\Users\Sakib\Desktop\Mthree-Final\backend\src\main\java\com\sakib_jeter\backend\entity\User.java. Using fallback presentation compiler.
2026.03.25 20:09:41 INFO  no build target found for C:\Users\Sakib\Desktop\Mthree-Final\backend\src\main\java\com\sakib_jeter\backend\entity\User.java. Using fallback presentation compiler.
2026.03.25 20:09:42 INFO  no build target found for C:\Users\Sakib\Desktop\Mthree-Final\backend\src\main\java\com\sakib_jeter\backend\entity\User.java. Using fallback presentation compiler.
2026.03.25 20:09:42 INFO  no build target found for C:\Users\Sakib\Desktop\Mthree-Final\backend\src\main\java\com\sakib_jeter\backend\entity\User.java. Using fallback presentation compiler.
2026.03.25 20:09:42 INFO  no build target found for C:\Users\Sakib\Desktop\Mthree-Final\backend\src\main\java\com\sakib_jeter\backend\entity\User.java. Using fallback presentation compiler.
2026.03.25 20:09:42 INFO  no build target found for C:\Users\Sakib\Desktop\Mthree-Final\backend\src\main\java\com\sakib_jeter\backend\entity\User.java. Using fallback presentation compiler.
2026.03.25 20:09:43 WARN  no build target for: C:\Users\Sakib\Desktop\Mthree-Final\backend\src\main\java\com\sakib_jeter\backend\entity\User.java
2026.03.25 20:09:43 INFO  no build target found for C:\Users\Sakib\Desktop\Mthree-Final\backend\src\main\java\com\sakib_jeter\backend\entity\User.java. Using fallback presentation compiler.
2026.03.25 20:09:43 INFO  no build target found for C:\Users\Sakib\Desktop\Mthree-Final\backend\src\main\java\com\sakib_jeter\backend\entity\User.java. Using fallback presentation compiler.
2026.03.25 20:09:43 INFO  no build target found for C:\Users\Sakib\Desktop\Mthree-Final\backend\src\main\java\com\sakib_jeter\backend\entity\User.java. Using fallback presentation compiler.
2026.03.25 20:09:43 INFO  no build target found for C:\Users\Sakib\Desktop\Mthree-Final\backend\src\main\java\com\sakib_jeter\backend\entity\User.java. Using fallback presentation compiler.
2026.03.25 20:09:43 INFO  no build target found for C:\Users\Sakib\Desktop\Mthree-Final\backend\src\main\java\com\sakib_jeter\backend\entity\User.java. Using fallback presentation compiler.
2026.03.25 20:09:43 INFO  no build target found for C:\Users\Sakib\Desktop\Mthree-Final\backend\src\main\java\com\sakib_jeter\backend\entity\User.java. Using fallback presentation compiler.
2026.03.25 20:09:44 INFO  no build target found for C:\Users\Sakib\Desktop\Mthree-Final\backend\src\main\java\com\sakib_jeter\backend\entity\User.java. Using fallback presentation compiler.
2026.03.25 20:09:44 INFO  no build target found for C:\Users\Sakib\Desktop\Mthree-Final\backend\src\main\java\com\sakib_jeter\backend\entity\User.java. Using fallback presentation compiler.
2026.03.25 20:09:44 INFO  no build target found for C:\Users\Sakib\Desktop\Mthree-Final\backend\src\main\java\com\sakib_jeter\backend\entity\User.java. Using fallback presentation compiler.
2026.03.25 20:09:44 INFO  no build target found for C:\Users\Sakib\Desktop\Mthree-Final\backend\src\main\java\com\sakib_jeter\backend\entity\User.java. Using fallback presentation compiler.
2026.03.25 20:09:45 WARN  no build target for: C:\Users\Sakib\Desktop\Mthree-Final\backend\src\main\java\com\sakib_jeter\backend\entity\User.java
2026.03.25 20:09:45 INFO  no build target found for C:\Users\Sakib\Desktop\Mthree-Final\backend\src\main\java\com\sakib_jeter\backend\entity\User.java. Using fallback presentation compiler.
2026.03.25 20:09:46 INFO  no build target found for C:\Users\Sakib\Desktop\Mthree-Final\backend\src\main\java\com\sakib_jeter\backend\entity\User.java. Using fallback presentation compiler.
2026.03.25 20:09:46 INFO  no build target found for C:\Users\Sakib\Desktop\Mthree-Final\backend\src\main\java\com\sakib_jeter\backend\entity\User.java. Using fallback presentation compiler.
2026.03.25 20:09:46 INFO  no build target found for C:\Users\Sakib\Desktop\Mthree-Final\backend\src\main\java\com\sakib_jeter\backend\entity\User.java. Using fallback presentation compiler.
2026.03.25 20:09:46 INFO  no build target found for C:\Users\Sakib\Desktop\Mthree-Final\backend\src\main\java\com\sakib_jeter\backend\entity\User.java. Using fallback presentation compiler.
2026.03.25 20:09:46 INFO  no build target found for C:\Users\Sakib\Desktop\Mthree-Final\backend\src\main\java\com\sakib_jeter\backend\entity\User.java. Using fallback presentation compiler.
2026.03.25 20:09:48 INFO  no build target found for C:\Users\Sakib\Desktop\Mthree-Final\backend\src\main\java\com\sakib_jeter\backend\entity\User.java. Using fallback presentation compiler.
2026.03.25 20:09:48 INFO  no build target found for C:\Users\Sakib\Desktop\Mthree-Final\backend\src\main\java\com\sakib_jeter\backend\entity\User.java. Using fallback presentation compiler.
2026.03.25 20:09:48 INFO  no build target found for C:\Users\Sakib\Desktop\Mthree-Final\backend\src\main\java\com\sakib_jeter\backend\entity\User.java. Using fallback presentation compiler.
2026.03.25 20:09:48 INFO  no build target found for C:\Users\Sakib\Desktop\Mthree-Final\backend\src\main\java\com\sakib_jeter\backend\entity\User.java. Using fallback presentation compiler.
2026.03.25 20:09:49 INFO  no build target found for C:\Users\Sakib\Desktop\Mthree-Final\backend\src\main\java\com\sakib_jeter\backend\entity\User.java. Using fallback presentation compiler.
2026.03.25 20:09:49 INFO  no build target found for C:\Users\Sakib\Desktop\Mthree-Final\backend\src\main\java\com\sakib_jeter\backend\entity\User.java. Using fallback presentation compiler.
2026.03.25 20:09:49 INFO  no build target found for C:\Users\Sakib\Desktop\Mthree-Final\backend\src\main\java\com\sakib_jeter\backend\entity\User.java. Using fallback presentation compiler.
2026.03.25 20:09:49 INFO  no build target found for C:\Users\Sakib\Desktop\Mthree-Final\backend\src\main\java\com\sakib_jeter\backend\entity\User.java. Using fallback presentation compiler.
2026.03.25 20:09:49 INFO  no build target found for C:\Users\Sakib\Desktop\Mthree-Final\backend\src\main\java\com\sakib_jeter\backend\entity\User.java. Using fallback presentation compiler.
2026.03.25 20:09:49 INFO  no build target found for C:\Users\Sakib\Desktop\Mthree-Final\backend\src\main\java\com\sakib_jeter\backend\entity\User.java. Using fallback presentation compiler.
2026.03.25 20:09:49 INFO  no build target found for C:\Users\Sakib\Desktop\Mthree-Final\backend\src\main\java\com\sakib_jeter\backend\entity\User.java. Using fallback presentation compiler.
2026.03.25 20:09:50 INFO  no build target found for C:\Users\Sakib\Desktop\Mthree-Final\backend\src\main\java\com\sakib_jeter\backend\entity\User.java. Using fallback presentation compiler.
2026.03.25 20:09:49 INFO  no build target found for C:\Users\Sakib\Desktop\Mthree-Final\backend\src\main\java\com\sakib_jeter\backend\entity\User.java. Using fallback presentation compiler.
Mar 25, 2026 8:09:50 PM org.eclipse.lsp4j.jsonrpc.RemoteEndpoint handleCancellation
WARNING: Unmatched cancel notification for request id 837
2026.03.25 20:09:50 INFO  no build target found for C:\Users\Sakib\Desktop\Mthree-Final\backend\src\main\java\com\sakib_jeter\backend\entity\User.java. Using fallback presentation compiler.
2026.03.25 20:09:50 INFO  no build target found for C:\Users\Sakib\Desktop\Mthree-Final\backend\src\main\java\com\sakib_jeter\backend\entity\User.java. Using fallback presentation compiler.
2026.03.25 20:09:50 INFO  no build target found for C:\Users\Sakib\Desktop\Mthree-Final\backend\src\main\java\com\sakib_jeter\backend\entity\User.java. Using fallback presentation compiler.
Mar 25, 2026 8:09:50 PM org.eclipse.lsp4j.jsonrpc.RemoteEndpoint handleCancellation
WARNING: Unmatched cancel notification for request id 840
2026.03.25 20:09:50 INFO  no build target found for C:\Users\Sakib\Desktop\Mthree-Final\backend\src\main\java\com\sakib_jeter\backend\entity\User.java. Using fallback presentation compiler.
2026.03.25 20:09:51 INFO  no build target found for C:\Users\Sakib\Desktop\Mthree-Final\backend\src\main\java\com\sakib_jeter\backend\entity\User.java. Using fallback presentation compiler.
2026.03.25 20:09:50 INFO  no build target found for C:\Users\Sakib\Desktop\Mthree-Final\backend\src\main\java\com\sakib_jeter\backend\entity\User.java. Using fallback presentation compiler.
2026.03.25 20:09:51 INFO  no build target found for C:\Users\Sakib\Desktop\Mthree-Final\backend\src\main\java\com\sakib_jeter\backend\entity\User.java. Using fallback presentation compiler.
2026.03.25 20:09:51 INFO  no build target found for C:\Users\Sakib\Desktop\Mthree-Final\backend\src\main\java\com\sakib_jeter\backend\entity\User.java. Using fallback presentation compiler.
2026.03.25 20:09:51 INFO  no build target found for C:\Users\Sakib\Desktop\Mthree-Final\backend\src\main\java\com\sakib_jeter\backend\entity\User.java. Using fallback presentation compiler.
2026.03.25 20:09:51 INFO  no build target found for C:\Users\Sakib\Desktop\Mthree-Final\backend\src\main\java\com\sakib_jeter\backend\entity\User.java. Using fallback presentation compiler.
2026.03.25 20:09:52 INFO  no build target found for C:\Users\Sakib\Desktop\Mthree-Final\backend\src\main\java\com\sakib_jeter\backend\entity\User.java. Using fallback presentation compiler.
2026.03.25 20:09:52 INFO  no build target found for C:\Users\Sakib\Desktop\Mthree-Final\backend\src\main\java\com\sakib_jeter\backend\entity\User.java. Using fallback presentation compiler.
2026.03.25 20:09:52 INFO  no build target found for C:\Users\Sakib\Desktop\Mthree-Final\backend\src\main\java\com\sakib_jeter\backend\entity\User.java. Using fallback presentation compiler.
2026.03.25 20:09:52 INFO  no build target found for C:\Users\Sakib\Desktop\Mthree-Final\backend\src\main\java\com\sakib_jeter\backend\entity\User.java. Using fallback presentation compiler.
2026.03.25 20:09:53 INFO  no build target found for C:\Users\Sakib\Desktop\Mthree-Final\backend\src\main\java\com\sakib_jeter\backend\entity\User.java. Using fallback presentation compiler.
2026.03.25 20:09:52 INFO  no build target found for C:\Users\Sakib\Desktop\Mthree-Final\backend\src\main\java\com\sakib_jeter\backend\entity\User.java. Using fallback presentation compiler.
2026.03.25 20:09:52 INFO  no build target found for C:\Users\Sakib\Desktop\Mthree-Final\backend\src\main\java\com\sakib_jeter\backend\entity\User.java. Using fallback presentation compiler.
2026.03.25 20:09:54 INFO  no build target found for C:\Users\Sakib\Desktop\Mthree-Final\backend\src\main\java\com\sakib_jeter\backend\entity\User.java. Using fallback presentation compiler.
2026.03.25 20:09:53 INFO  no build target found for C:\Users\Sakib\Desktop\Mthree-Final\backend\src\main\java\com\sakib_jeter\backend\entity\User.java. Using fallback presentation compiler.
2026.03.25 20:09:54 INFO  no build target found for C:\Users\Sakib\Desktop\Mthree-Final\backend\src\main\java\com\sakib_jeter\backend\entity\User.java. Using fallback presentation compiler.
2026.03.25 20:09:54 INFO  no build target found for C:\Users\Sakib\Desktop\Mthree-Final\backend\src\main\java\com\sakib_jeter\backend\entity\User.java. Using fallback presentation compiler.
2026.03.25 20:09:54 INFO  no build target found for C:\Users\Sakib\Desktop\Mthree-Final\backend\src\main\java\com\sakib_jeter\backend\entity\User.java. Using fallback presentation compiler.
2026.03.25 20:09:54 INFO  no build target found for C:\Users\Sakib\Desktop\Mthree-Final\backend\src\main\java\com\sakib_jeter\backend\entity\User.java. Using fallback presentation compiler.
2026.03.25 20:09:54 INFO  no build target found for C:\Users\Sakib\Desktop\Mthree-Final\backend\src\main\java\com\sakib_jeter\backend\entity\User.java. Using fallback presentation compiler.
2026.03.25 20:09:54 INFO  no build target found for C:\Users\Sakib\Desktop\Mthree-Final\backend\src\main\java\com\sakib_jeter\backend\entity\User.java. Using fallback presentation compiler.
2026.03.25 20:09:55 INFO  no build target found for C:\Users\Sakib\Desktop\Mthree-Final\backend\src\main\java\com\sakib_jeter\backend\entity\User.java. Using fallback presentation compiler.
2026.03.25 20:09:54 INFO  no build target found for C:\Users\Sakib\Desktop\Mthree-Final\backend\src\main\java\com\sakib_jeter\backend\entity\User.java. Using fallback presentation compiler.
2026.03.25 20:09:56 WARN  no build target for: C:\Users\Sakib\Desktop\Mthree-Final\backend\src\main\java\com\sakib_jeter\backend\entity\User.java
2026.03.25 20:09:56 INFO  no build target found for C:\Users\Sakib\Desktop\Mthree-Final\backend\src\main\java\com\sakib_jeter\backend\entity\User.java. Using fallback presentation compiler.
2026.03.25 20:09:56 INFO  no build target found for C:\Users\Sakib\Desktop\Mthree-Final\backend\src\main\java\com\sakib_jeter\backend\entity\User.java. Using fallback presentation compiler.
2026.03.25 20:09:56 INFO  no build target found for C:\Users\Sakib\Desktop\Mthree-Final\backend\src\main\java\com\sakib_jeter\backend\entity\User.java. Using fallback presentation compiler.
2026.03.25 20:09:56 INFO  no build target found for C:\Users\Sakib\Desktop\Mthree-Final\backend\src\main\java\com\sakib_jeter\backend\entity\User.java. Using fallback presentation compiler.
2026.03.25 20:09:57 WARN  no build target for: C:\Users\Sakib\Desktop\Mthree-Final\backend\src\main\java\com\sakib_jeter\backend\entity\User.java
2026.03.25 20:09:57 INFO  no build target found for C:\Users\Sakib\Desktop\Mthree-Final\backend\src\main\java\com\sakib_jeter\backend\entity\User.java. Using fallback presentation compiler.
2026.03.25 20:10:13 INFO  no build target found for C:\Users\Sakib\Desktop\Mthree-Final\backend\src\main\java\com\sakib_jeter\backend\entity\User.java. Using fallback presentation compiler.
2026.03.25 20:10:14 INFO  no build target found for C:\Users\Sakib\Desktop\Mthree-Final\backend\src\main\java\com\sakib_jeter\backend\entity\User.java. Using fallback presentation compiler.
2026.03.25 20:10:14 INFO  no build target found for C:\Users\Sakib\Desktop\Mthree-Final\backend\src\main\java\com\sakib_jeter\backend\entity\User.java. Using fallback presentation compiler.
2026.03.25 20:10:14 INFO  no build target found for C:\Users\Sakib\Desktop\Mthree-Final\backend\src\main\java\com\sakib_jeter\backend\entity\User.java. Using fallback presentation compiler.
2026.03.25 20:10:15 INFO  no build target found for C:\Users\Sakib\Desktop\Mthree-Final\backend\src\main\java\com\sakib_jeter\backend\entity\User.java. Using fallback presentation compiler.
2026.03.25 20:10:15 INFO  no build target found for C:\Users\Sakib\Desktop\Mthree-Final\backend\src\main\java\com\sakib_jeter\backend\entity\User.java. Using fallback presentation compiler.
2026.03.25 20:10:16 INFO  no build target found for C:\Users\Sakib\Desktop\Mthree-Final\backend\src\main\java\com\sakib_jeter\backend\entity\User.java. Using fallback presentation compiler.
2026.03.25 20:10:54 INFO  no build target found for C:\Users\Sakib\Desktop\Mthree-Final\backend\src\main\java\com\sakib_jeter\backend\entity\User.java. Using fallback presentation compiler.
2026.03.25 20:10:54 INFO  no build target found for C:\Users\Sakib\Desktop\Mthree-Final\backend\src\main\java\com\sakib_jeter\backend\entity\User.java. Using fallback presentation compiler.
2026.03.25 20:10:54 INFO  no build target found for C:\Users\Sakib\Desktop\Mthree-Final\backend\src\main\java\com\sakib_jeter\backend\entity\User.java. Using fallback presentation compiler.
2026.03.25 20:10:55 INFO  no build target found for C:\Users\Sakib\Desktop\Mthree-Final\backend\src\main\java\com\sakib_jeter\backend\entity\User.java. Using fallback presentation compiler.
2026.03.25 20:10:59 INFO  no build target found for C:\Users\Sakib\Desktop\Mthree-Final\backend\src\main\java\com\sakib_jeter\backend\entity\User.java. Using fallback presentation compiler.
2026.03.25 20:11:06 INFO  no build target found for C:\Users\Sakib\Desktop\Mthree-Final\backend\src\main\java\com\sakib_jeter\backend\entity\User.java. Using fallback presentation compiler.
2026.03.25 20:11:06 INFO  no build target found for C:\Users\Sakib\Desktop\Mthree-Final\backend\src\main\java\com\sakib_jeter\backend\entity\User.java. Using fallback presentation compiler.
2026.03.25 20:11:08 INFO  no build target found for C:\Users\Sakib\Desktop\Mthree-Final\backend\src\main\java\com\sakib_jeter\backend\entity\Watchlist.java. Using fallback presentation compiler.
2026.03.25 20:11:08 INFO  no build target found for C:\Users\Sakib\Desktop\Mthree-Final\backend\src\main\java\com\sakib_jeter\backend\entity\Watchlist.java. Using fallback presentation compiler.
2026.03.25 20:11:08 INFO  no build target found for C:\Users\Sakib\Desktop\Mthree-Final\backend\src\main\java\com\sakib_jeter\backend\entity\Watchlist.java. Using fallback presentation compiler.
2026.03.25 20:11:08 INFO  no build target found for C:\Users\Sakib\Desktop\Mthree-Final\backend\src\main\java\com\sakib_jeter\backend\entity\Watchlist.java. Using fallback presentation compiler.
2026.03.25 20:11:08 INFO  no build target found for C:\Users\Sakib\Desktop\Mthree-Final\backend\src\main\java\com\sakib_jeter\backend\external\FinnhubService.java. Using fallback presentation compiler.
2026.03.25 20:11:09 INFO  no build target found for C:\Users\Sakib\Desktop\Mthree-Final\backend\src\main\java\com\sakib_jeter\backend\external\FinnhubService.java. Using fallback presentation compiler.
2026.03.25 20:11:08 INFO  no build target found for C:\Users\Sakib\Desktop\Mthree-Final\backend\src\main\java\com\sakib_jeter\backend\external\FinnhubService.java. Using fallback presentation compiler.
2026.03.25 20:11:09 INFO  no build target found for C:\Users\Sakib\Desktop\Mthree-Final\backend\src\main\java\com\sakib_jeter\backend\external\FinnhubService.java. Using fallback presentation compiler.
2026.03.25 20:11:09 INFO  no build target found for C:\Users\Sakib\Desktop\Mthree-Final\backend\src\main\java\com\sakib_jeter\backend\external\StockDataSeeder.java. Using fallback presentation compiler.
2026.03.25 20:11:09 INFO  no build target found for C:\Users\Sakib\Desktop\Mthree-Final\backend\src\main\java\com\sakib_jeter\backend\external\StockDataSeeder.java. Using fallback presentation compiler.
2026.03.25 20:11:09 INFO  no build target found for C:\Users\Sakib\Desktop\Mthree-Final\backend\src\main\java\com\sakib_jeter\backend\external\StockDataSeeder.java. Using fallback presentation compiler.
2026.03.25 20:11:09 INFO  no build target found for C:\Users\Sakib\Desktop\Mthree-Final\backend\src\main\java\com\sakib_jeter\backend\external\StockDataSeeder.java. Using fallback presentation compiler.
2026.03.25 20:11:10 INFO  no build target found for C:\Users\Sakib\Desktop\Mthree-Final\backend\src\main\java\com\sakib_jeter\backend\external\StockDataSeeder.java. Using fallback presentation compiler.
2026.03.25 20:11:10 INFO  no build target found for C:\Users\Sakib\Desktop\Mthree-Final\backend\src\main\java\com\sakib_jeter\backend\external\FinnhubService.java. Using fallback presentation compiler.
2026.03.25 20:11:10 INFO  no build target found for C:\Users\Sakib\Desktop\Mthree-Final\backend\src\main\java\com\sakib_jeter\backend\external\FinnhubService.java. Using fallback presentation compiler.
2026.03.25 20:11:10 INFO  no build target found for C:\Users\Sakib\Desktop\Mthree-Final\backend\src\main\java\com\sakib_jeter\backend\external\FinnhubService.java. Using fallback presentation compiler.
2026.03.25 20:11:10 INFO  no build target found for C:\Users\Sakib\Desktop\Mthree-Final\backend\src\main\java\com\sakib_jeter\backend\external\FinnhubService.java. Using fallback presentation compiler.
2026.03.25 20:11:12 INFO  no build target found for C:\Users\Sakib\Desktop\Mthree-Final\backend\src\main\java\com\sakib_jeter\backend\external\FinnhubService.java. Using fallback presentation compiler.
2026.03.25 20:11:15 INFO  no build target found for C:\Users\Sakib\Desktop\Mthree-Final\backend\src\main\java\com\sakib_jeter\backend\external\FinnhubService.java. Using fallback presentation compiler.
2026.03.25 20:11:15 INFO  no build target found for C:\Users\Sakib\Desktop\Mthree-Final\backend\src\main\java\com\sakib_jeter\backend\external\StockDataSeeder.java. Using fallback presentation compiler.
2026.03.25 20:11:15 INFO  no build target found for C:\Users\Sakib\Desktop\Mthree-Final\backend\src\main\java\com\sakib_jeter\backend\external\StockDataSeeder.java. Using fallback presentation compiler.
2026.03.25 20:11:15 INFO  no build target found for C:\Users\Sakib\Desktop\Mthree-Final\backend\src\main\java\com\sakib_jeter\backend\external\StockDataSeeder.java. Using fallback presentation compiler.
2026.03.25 20:11:15 INFO  no build target found for C:\Users\Sakib\Desktop\Mthree-Final\backend\src\main\java\com\sakib_jeter\backend\external\StockDataSeeder.java. Using fallback presentation compiler.
2026.03.25 20:11:15 INFO  no build target found for C:\Users\Sakib\Desktop\Mthree-Final\backend\src\main\java\com\sakib_jeter\backend\external\YahooFinanceService.java. Using fallback presentation compiler.
2026.03.25 20:11:15 INFO  no build target found for C:\Users\Sakib\Desktop\Mthree-Final\backend\src\main\java\com\sakib_jeter\backend\external\YahooFinanceService.java. Using fallback presentation compiler.
2026.03.25 20:11:15 INFO  no build target found for C:\Users\Sakib\Desktop\Mthree-Final\backend\src\main\java\com\sakib_jeter\backend\external\YahooFinanceService.java. Using fallback presentation compiler.
2026.03.25 20:11:16 INFO  no build target found for C:\Users\Sakib\Desktop\Mthree-Final\backend\src\main\java\com\sakib_jeter\backend\external\YahooFinanceService.java. Using fallback presentation compiler.
2026.03.25 20:11:18 INFO  no build target found for C:\Users\Sakib\Desktop\Mthree-Final\backend\src\main\java\com\sakib_jeter\backend\external\YahooFinanceService.java. Using fallback presentation compiler.
2026.03.25 20:11:18 INFO  no build target found for C:\Users\Sakib\Desktop\Mthree-Final\backend\src\main\java\com\sakib_jeter\backend\service\MarketService.java. Using fallback presentation compiler.
2026.03.25 20:11:18 INFO  no build target found for C:\Users\Sakib\Desktop\Mthree-Final\backend\src\main\java\com\sakib_jeter\backend\service\MarketService.java. Using fallback presentation compiler.
2026.03.25 20:11:18 INFO  no build target found for C:\Users\Sakib\Desktop\Mthree-Final\backend\src\main\java\com\sakib_jeter\backend\service\MarketService.java. Using fallback presentation compiler.
2026.03.25 20:11:18 INFO  no build target found for C:\Users\Sakib\Desktop\Mthree-Final\backend\src\main\java\com\sakib_jeter\backend\service\MarketService.java. Using fallback presentation compiler.
2026.03.25 20:11:18 INFO  no build target found for C:\Users\Sakib\Desktop\Mthree-Final\backend\src\main\java\com\sakib_jeter\backend\service\MarketService.java. Using fallback presentation compiler.
2026.03.25 20:11:18 INFO  no build target found for C:\Users\Sakib\Desktop\Mthree-Final\backend\src\main\java\com\sakib_jeter\backend\service\MarketService.java. Using fallback presentation compiler.
2026.03.25 20:11:18 INFO  no build target found for C:\Users\Sakib\Desktop\Mthree-Final\backend\src\main\java\com\sakib_jeter\backend\service\UserService.java. Using fallback presentation compiler.
2026.03.25 20:11:20 INFO  no build target found for C:\Users\Sakib\Desktop\Mthree-Final\backend\src\main\java\com\sakib_jeter\backend\service\UserService.java. Using fallback presentation compiler.
2026.03.25 20:11:20 INFO  no build target found for C:\Users\Sakib\Desktop\Mthree-Final\backend\src\main\java\com\sakib_jeter\backend\service\UserService.java. Using fallback presentation compiler.
2026.03.25 20:16:58 INFO  no build target found for C:\Users\Sakib\Desktop\Mthree-Final\backend\src\main\java\com\sakib_jeter\backend\service\UserService.java. Using fallback presentation compiler.
2026.03.25 22:27:30 INFO  no build target found for C:\Users\Sakib\Desktop\Mthree-Final\backend\src\main\java\com\sakib_jeter\backend\entity\User.java. Using fallback presentation compiler.
2026.03.25 22:27:30 WARN  no build target for: C:\Users\Sakib\Desktop\Mthree-Final\backend\src\main\java\com\sakib_jeter\backend\entity\User.java
Mar 25, 2026 10:27:30 PM org.eclipse.lsp4j.jsonrpc.RemoteEndpoint handleCancellation
WARNING: Unmatched cancel notification for request id 961
2026.03.25 22:27:30 INFO  no build target found for C:\Users\Sakib\Desktop\Mthree-Final\backend\src\main\java\com\sakib_jeter\backend\entity\User.java. Using fallback presentation compiler.
Mar 25, 2026 10:27:31 PM org.eclipse.lsp4j.jsonrpc.RemoteEndpoint handleCancellation
WARNING: Unmatched cancel notification for request id 962
2026.03.25 22:27:31 INFO  no build target found for C:\Users\Sakib\Desktop\Mthree-Final\backend\src\main\java\com\sakib_jeter\backend\entity\User.java. Using fallback presentation compiler.
2026.03.25 22:27:30 INFO  no build target found for C:\Users\Sakib\Desktop\Mthree-Final\backend\src\main\java\com\sakib_jeter\backend\entity\User.java. Using fallback presentation compiler.
Mar 25, 2026 10:27:31 PM org.eclipse.lsp4j.jsonrpc.RemoteEndpoint handleCancellation
WARNING: Unmatched cancel notification for request id 964
2026.03.25 22:27:30 INFO  no build target found for C:\Users\Sakib\Desktop\Mthree-Final\backend\src\main\java\com\sakib_jeter\backend\entity\User.java. Using fallback presentation compiler.
2026.03.25 22:27:30 INFO  no build target found for C:\Users\Sakib\Desktop\Mthree-Final\backend\src\main\java\com\sakib_jeter\backend\controller\AuthController.java. Using fallback presentation compiler.
2026.03.25 22:27:31 WARN  no build target for: C:\Users\Sakib\Desktop\Mthree-Final\backend\src\main\java\com\sakib_jeter\backend\controller\AuthController.java
Mar 25, 2026 10:27:31 PM org.eclipse.lsp4j.jsonrpc.RemoteEndpoint handleCancellation
WARNING: Unmatched cancel notification for request id 967
2026.03.25 22:27:31 INFO  no build target found for C:\Users\Sakib\Desktop\Mthree-Final\backend\src\main\java\com\sakib_jeter\backend\controller\AuthController.java. Using fallback presentation compiler.
2026.03.25 22:27:30 INFO  no build target found for C:\Users\Sakib\Desktop\Mthree-Final\backend\src\main\java\com\sakib_jeter\backend\controller\AuthController.java. Using fallback presentation compiler.
2026.03.25 22:27:30 INFO  no build target found for C:\Users\Sakib\Desktop\Mthree-Final\backend\src\main\java\com\sakib_jeter\backend\service\SignupService.java. Using fallback presentation compiler.
2026.03.25 22:27:31 WARN  no build target for: C:\Users\Sakib\Desktop\Mthree-Final\backend\src\main\java\com\sakib_jeter\backend\service\SignupService.java
2026.03.25 22:27:30 INFO  no build target found for C:\Users\Sakib\Desktop\Mthree-Final\backend\src\main\java\com\sakib_jeter\backend\service\SignupService.java. Using fallback presentation compiler.
2026.03.25 22:27:30 INFO  no build target found for C:\Users\Sakib\Desktop\Mthree-Final\backend\src\main\java\com\sakib_jeter\backend\service\SignupService.java. Using fallback presentation compiler.
2026.03.25 22:27:31 INFO  no build target found for C:\Users\Sakib\Desktop\Mthree-Final\backend\src\main\java\com\sakib_jeter\backend\service\SignupService.java. Using fallback presentation compiler.
2026.03.25 22:27:30 INFO  no build target found for C:\Users\Sakib\Desktop\Mthree-Final\backend\src\main\java\com\sakib_jeter\backend\service\SignupService.java. Using fallback presentation compiler.
2026.03.25 22:27:31 INFO  no build target found for C:\Users\Sakib\Desktop\Mthree-Final\backend\src\main\java\com\sakib_jeter\backend\config\SecurityConfig.java. Using fallback presentation compiler.
2026.03.25 22:27:30 WARN  no build target for: C:\Users\Sakib\Desktop\Mthree-Final\backend\src\main\java\com\sakib_jeter\backend\config\SecurityConfig.java
2026.03.25 22:27:31 INFO  no build target found for C:\Users\Sakib\Desktop\Mthree-Final\backend\src\main\java\com\sakib_jeter\backend\config\SecurityConfig.java. Using fallback presentation compiler.
2026.03.25 22:27:31 INFO  no build target found for C:\Users\Sakib\Desktop\Mthree-Final\backend\src\main\java\com\sakib_jeter\backend\config\SecurityConfig.java. Using fallback presentation compiler.
Mar 25, 2026 10:27:32 PM org.eclipse.lsp4j.jsonrpc.RemoteEndpoint handleCancellation
WARNING: Unmatched cancel notification for request id 974
2026.03.25 22:27:31 INFO  no build target found for C:\Users\Sakib\Desktop\Mthree-Final\backend\src\main\java\com\sakib_jeter\backend\config\SecurityConfig.java. Using fallback presentation compiler.
Mar 25, 2026 10:27:32 PM org.eclipse.lsp4j.jsonrpc.RemoteEndpoint handleCancellation
WARNING: Unmatched cancel notification for request id 975
Mar 25, 2026 10:27:32 PM org.eclipse.lsp4j.jsonrpc.RemoteEndpoint handleCancellation
WARNING: Unmatched cancel notification for request id 976
2026.03.25 22:27:31 INFO  no build target found for C:\Users\Sakib\Desktop\Mthree-Final\backend\src\main\java\com\sakib_jeter\backend\config\SecurityConfig.java. Using fallback presentation compiler.
